Age,Attrition,BusinessTravel,Department,DistanceFromHome,EducationField,EnvironmentSatisfaction,Gender,HourlyRate,JobInvolvement,JobLevel,JobRole,JobSatisfaction,MonthlyIncome,MonthlyRate,NumCompaniesWorked,OverTime,PercentSalaryHike,PerformanceRating,TotalWorkingYears,WorkLifeBalance,YearsAtCompany,YearsInCurrentRole,YearsSinceLastPromotion,YearsWithCurrManager
41,Yes,Travel_Rarely,Sales,1,Life Sciences,2,Female,94,3,2,Sales Executive,4,5993,19479,8,Yes,11,3,8,1,6,4,0,5
49,No,Travel_Frequently,Research & Development,8,Life Sciences,3,Male,61,2,2,Research Scientist,2,5130,24907,1,No,23,4,10,3,10,7,1,7
37,Yes,Travel_Rarely,Research & Development,2,Other,4,Male,92,2,1,Laboratory Technician,3,2090,2396,6,Yes,15,3,7,3,0,0,0,0
33,No,Travel_Frequently,Research & Development,3,Life Sciences,4,Female,56,3,1,Research Scientist,3,2909,23159,1,Yes,11,3,8,3,8,7,3,0
27,No,Travel_Rarely,Research & Development,2,Medical,1,Male,40,3,1,Laboratory Technician,2,3468,16632,9,No,12,3,6,3,2,2,2,2
32,No,Travel_Frequently,Research & Development,2,Life Sciences,4,Male,79,3,1,Laboratory Technician,4,3068,11864,0,No,13,3,8,2,7,7,3,6
59,No,Travel_Rarely,Research & Development,3,Medical,3,Female,81,4,1,Laboratory Technician,1,2670,9964,4,Yes,20,4,12,2,1,0,0,0
30,No,Travel_Rarely,Research & Development,24,Life Sciences,4,Male,67,3,1,Laboratory Technician,3,2693,13335,1,No,22,4,1,3,1,0,0,0
38,No,Travel_Frequently,Research & Development,23,Life Sciences,4,Male,44,2,3,Manufacturing Director,3,9526,8787,0,No,21,4,10,3,9,7,1,8
36,No,Travel_Rarely,Research & Development,27,Medical,3,Male,94,3,2,Healthcare Representative,3,5237,16577,6,No,13,3,17,2,7,7,7,7
35,No,Travel_Rarely,Research & Development,16,Medical,1,Male,84,4,1,Laboratory Technician,2,2426,16479,0,No,13,3,6,3,5,4,0,3
29,No,Travel_Rarely,Research & Development,15,Life Sciences,4,Female,49,2,2,Laboratory Technician,3,4193,12682,0,Yes,12,3,10,3,9,5,0,8
31,No,Travel_Rarely,Research & Development,26,Life Sciences,1,Male,31,3,1,Research Scientist,3,2911,15170,1,No,17,3,5,2,5,2,4,3
34,No,Travel_Rarely,Research & Development,19,Medical,2,Male,93,3,1,Laboratory Technician,4,2661,8758,0,No,11,3,3,3,2,2,1,2
28,Yes,Travel_Rarely,Research & Development,24,Life Sciences,3,Male,50,2,1,Laboratory Technician,3,2028,12947,5,Yes,14,3,6,3,4,2,0,3
29,No,Travel_Rarely,Research & Development,21,Life Sciences,2,Female,51,4,3,Manufacturing Director,1,9980,10195,1,No,11,3,10,3,10,9,8,8
32,No,Travel_Rarely,Research & Development,5,Life Sciences,1,Male,80,4,1,Research Scientist,2,3298,15053,0,Yes,12,3,7,2,6,2,0,5
22,No,Non-Travel,Research & Development,16,Medical,4,Male,96,4,1,Laboratory Technician,4,2935,7324,1,Yes,13,3,1,2,1,0,0,0
53,No,Travel_Rarely,Sales,2,Life Sciences,1,Female,78,2,4,Manager,4,15427,22021,2,No,16,3,31,3,25,8,3,7
38,No,Travel_Rarely,Research & Development,2,Life Sciences,4,Male,45,3,1,Research Scientist,4,3944,4306,5,Yes,11,3,6,3,3,2,1,2
24,No,Non-Travel,Research & Development,11,Other,1,Female,96,4,2,Manufacturing Director,3,4011,8232,0,No,18,3,5,2,4,2,1,3
36,Yes,Travel_Rarely,Sales,9,Life Sciences,3,Male,82,2,1,Sales Representative,1,3407,6986,7,No,23,4,10,3,5,3,0,3
34,No,Travel_Rarely,Research & Development,7,Life Sciences,1,Female,53,3,3,Research Director,2,11994,21293,0,No,11,3,13,3,12,6,2,11
21,No,Travel_Rarely,Research & Development,15,Life Sciences,3,Male,96,3,1,Research Scientist,4,1232,19281,1,No,14,3,0,3,0,0,0,0
34,Yes,Travel_Rarely,Research & Development,6,Medical,2,Male,83,3,1,Research Scientist,1,2960,17102,2,No,11,3,8,3,4,2,1,3
53,No,Travel_Rarely,Research & Development,5,Other,3,Female,58,3,5,Manager,3,19094,10735,4,No,11,3,26,2,14,13,4,8
32,Yes,Travel_Frequently,Research & Development,16,Life Sciences,2,Female,72,1,1,Research Scientist,1,3919,4681,1,Yes,22,4,10,3,10,2,6,7
42,No,Travel_Rarely,Sales,8,Marketing,3,Male,48,3,2,Sales Executive,2,6825,21173,0,No,11,3,10,3,9,7,4,2
44,No,Travel_Rarely,Research & Development,7,Medical,1,Female,42,2,3,Healthcare Representative,4,10248,2094,3,No,14,3,24,3,22,6,5,17
46,No,Travel_Rarely,Sales,2,Marketing,2,Female,83,3,5,Manager,1,18947,22822,3,No,12,3,22,2,2,2,2,1
33,No,Travel_Rarely,Research & Development,2,Medical,3,Male,78,3,1,Laboratory Technician,4,2496,6670,4,No,11,3,7,3,1,1,0,0
44,No,Travel_Rarely,Research & Development,10,Other,4,Male,41,3,2,Healthcare Representative,4,6465,19121,2,Yes,13,3,9,4,4,2,1,3
30,No,Travel_Rarely,Research & Development,9,Medical,4,Male,83,2,1,Laboratory Technician,3,2206,16117,1,No,13,3,10,3,10,0,1,8
39,Yes,Travel_Rarely,Sales,5,Technical Degree,4,Male,56,3,2,Sales Representative,4,2086,3335,3,No,14,3,19,4,1,0,0,0
24,Yes,Travel_Rarely,Research & Development,1,Medical,2,Male,61,3,1,Research Scientist,4,2293,3020,2,Yes,16,3,6,2,2,0,2,0
43,No,Travel_Rarely,Research & Development,2,Medical,4,Female,72,4,1,Research Scientist,3,2645,21923,1,No,12,3,6,2,5,3,1,4
50,Yes,Travel_Rarely,Sales,3,Marketing,1,Male,86,2,1,Sales Representative,3,2683,3810,1,Yes,14,3,3,3,3,2,0,2
35,No,Travel_Rarely,Sales,2,Marketing,4,Female,97,3,1,Sales Representative,4,2014,9687,1,No,13,3,2,3,2,2,2,2
36,No,Travel_Rarely,Research & Development,5,Life Sciences,2,Female,82,2,1,Research Scientist,1,3419,13072,9,Yes,14,3,6,4,1,1,0,0
33,No,Travel_Frequently,Sales,1,Life Sciences,3,Female,42,4,2,Sales Executive,1,5376,3193,2,No,19,3,10,3,5,3,1,3
35,No,Travel_Rarely,Research & Development,4,Other,3,Male,75,3,1,Laboratory Technician,4,1951,10910,1,No,12,3,1,3,1,0,0,0
27,No,Travel_Rarely,Research & Development,2,Life Sciences,4,Female,33,3,1,Laboratory Technician,1,2341,19715,1,No,13,3,1,3,1,0,0,0
26,Yes,Travel_Rarely,Research & Development,25,Life Sciences,1,Male,48,1,1,Laboratory Technician,3,2293,10558,1,No,12,3,1,2,1,0,0,1
27,No,Travel_Frequently,Sales,8,Life Sciences,4,Male,37,3,3,Sales Executive,3,8726,2975,1,No,15,3,9,3,9,8,1,7
30,No,Travel_Frequently,Research & Development,1,Medical,3,Female,58,3,2,Laboratory Technician,4,4011,10781,1,No,23,4,12,3,12,8,3,7
41,Yes,Travel_Rarely,Research & Development,12,Technical Degree,2,Female,49,3,5,Research Director,3,19545,16280,1,No,12,3,23,3,22,15,15,8
34,No,Non-Travel,Sales,23,Marketing,2,Male,72,3,2,Sales Executive,3,4568,10034,0,No,20,4,10,3,9,5,8,7
37,No,Travel_Rarely,Research & Development,19,Life Sciences,2,Male,73,3,1,Research Scientist,2,3022,10227,4,No,21,4,8,3,1,0,0,0
46,No,Travel_Frequently,Sales,5,Marketing,1,Male,98,3,2,Sales Executive,4,5772,20445,4,Yes,21,4,14,3,9,6,0,8
35,No,Travel_Rarely,Research & Development,8,Life Sciences,4,Male,36,4,1,Laboratory Technician,4,2269,4892,1,No,19,3,1,3,1,0,0,1
48,Yes,Travel_Rarely,Research & Development,1,Life Sciences,1,Male,98,2,3,Laboratory Technician,3,5381,19294,9,Yes,13,3,23,3,1,0,0,0
28,Yes,Travel_Rarely,Research & Development,5,Technical Degree,3,Male,50,3,1,Laboratory Technician,3,3441,11179,1,Yes,13,3,2,2,2,2,2,2
44,No,Travel_Rarely,Sales,1,Marketing,2,Female,75,3,2,Sales Executive,1,5454,4009,5,Yes,21,4,9,2,4,3,1,3
35,No,Non-Travel,Research & Development,11,Medical,3,Male,79,2,3,Healthcare Representative,1,9884,8302,2,Yes,13,3,10,3,4,0,2,3
26,No,Travel_Rarely,Sales,23,Marketing,3,Female,47,2,2,Sales Executive,4,4157,21436,7,Yes,19,3,5,2,2,2,0,0
33,No,Travel_Frequently,Research & Development,1,Life Sciences,1,Female,98,3,3,Research Director,4,13458,15146,1,Yes,12,3,15,3,15,14,8,12
35,No,Travel_Frequently,Sales,18,Life Sciences,2,Male,71,3,3,Sales Executive,1,9069,11031,1,No,22,4,9,2,9,8,1,8
35,No,Travel_Rarely,Research & Development,23,Medical,3,Female,30,3,1,Laboratory Technician,1,4014,16002,3,Yes,15,3,4,3,2,2,2,2
31,No,Travel_Rarely,Research & Development,7,Life Sciences,4,Male,48,3,2,Laboratory Technician,4,5915,9528,3,No,22,4,10,2,7,7,1,7
37,No,Travel_Rarely,Research & Development,1,Life Sciences,1,Male,51,2,2,Manufacturing Director,3,5993,2689,1,No,18,3,7,4,7,5,0,7
32,No,Travel_Rarely,Research & Development,1,Medical,1,Male,33,3,2,Manufacturing Director,4,6162,10877,1,Yes,22,4,9,3,9,8,7,8
38,No,Travel_Frequently,Research & Development,29,Life Sciences,4,Female,50,3,2,Laboratory Technician,4,2406,5456,1,No,11,3,10,3,10,3,9,9
50,No,Travel_Rarely,Research & Development,7,Medical,2,Female,43,2,5,Research Director,3,18740,16701,5,Yes,12,3,29,2,27,3,13,8
59,No,Travel_Rarely,Sales,25,Life Sciences,1,Female,99,3,3,Sales Executive,1,7637,2354,7,No,11,3,28,2,21,16,7,9
36,No,Travel_Rarely,Research & Development,8,Technical Degree,3,Female,59,3,3,Healthcare Representative,3,10096,8202,1,No,13,3,17,3,17,14,12,8
55,No,Travel_Rarely,Research & Development,8,Medical,4,Female,33,3,4,Manager,3,14756,19730,2,Yes,14,3,21,3,5,0,0,2
36,No,Travel_Frequently,Research & Development,11,Life Sciences,2,Male,95,2,2,Manufacturing Director,2,6499,22656,1,No,13,3,6,3,6,5,0,3
45,No,Travel_Rarely,Research & Development,7,Life Sciences,2,Male,59,3,3,Research Scientist,1,9724,18787,2,No,17,3,25,3,1,0,0,0
35,No,Travel_Frequently,Research & Development,1,Medical,2,Male,79,3,1,Research Scientist,1,2194,5868,4,No,13,3,5,2,3,2,1,2
36,Yes,Travel_Rarely,Research & Development,9,Medical,4,Male,79,2,1,Research Scientist,3,3388,21777,0,Yes,17,3,2,2,1,0,0,0
59,No,Travel_Frequently,Sales,1,Life Sciences,1,Female,57,2,2,Sales Executive,3,5473,24668,7,No,11,3,20,2,4,3,1,3
29,No,Travel_Rarely,Research & Development,2,Life Sciences,3,Male,76,3,1,Research Scientist,2,2703,4956,0,No,23,4,6,3,5,4,0,4
31,No,Travel_Rarely,Research & Development,1,Medical,3,Male,87,3,1,Research Scientist,2,2501,18775,1,No,17,3,1,3,1,1,1,0
32,No,Travel_Rarely,Research & Development,1,Life Sciences,2,Male,66,3,2,Research Scientist,2,6220,7346,1,No,17,3,10,3,10,4,0,9
36,No,Travel_Rarely,Research & Development,6,Life Sciences,2,Female,55,4,1,Laboratory Technician,4,3038,22002,3,No,12,3,5,3,1,0,0,0
31,No,Travel_Rarely,Research & Development,8,Life Sciences,3,Female,61,3,2,Manufacturing Director,4,4424,20682,1,No,23,4,11,3,11,7,1,8
35,No,Travel_Rarely,Sales,1,Marketing,3,Male,32,2,2,Sales Executive,1,4312,23016,0,No,14,3,16,3,15,13,2,8
45,No,Travel_Rarely,Research & Development,6,Other,4,Male,52,3,3,Research Director,1,13245,15067,4,Yes,14,3,17,4,0,0,0,0
37,No,Travel_Rarely,Research & Development,7,Medical,1,Male,30,3,3,Research Director,3,13664,25258,4,No,13,3,16,4,5,2,0,2
46,No,Travel_Rarely,Human Resources,5,Medical,2,Male,80,3,2,Human Resources,2,5021,10425,8,Yes,22,4,16,3,4,2,0,2
30,No,Travel_Rarely,Research & Development,1,Life Sciences,4,Male,55,2,2,Laboratory Technician,4,5126,15998,1,Yes,12,3,10,2,10,8,3,0
35,No,Travel_Rarely,Research & Development,1,Medical,2,Male,30,2,1,Research Scientist,3,2859,26278,1,No,18,3,6,3,6,4,0,4
55,No,Travel_Rarely,Sales,1,Life Sciences,1,Male,70,3,3,Sales Executive,4,10239,18092,3,No,14,3,24,3,1,0,1,0
38,No,Non-Travel,Research & Development,6,Medical,2,Female,79,1,2,Research Scientist,4,5329,15717,7,Yes,12,3,17,3,13,11,1,9
34,No,Travel_Rarely,Research & Development,1,Medical,1,Male,94,3,2,Manufacturing Director,2,4325,17736,1,No,15,3,5,3,5,2,1,3
56,No,Travel_Rarely,Research & Development,7,Life Sciences,4,Male,49,1,3,Manufacturing Director,4,7260,21698,4,No,11,3,37,2,6,4,0,2
23,No,Travel_Rarely,Sales,2,Technical Degree,3,Male,62,3,1,Sales Representative,1,2322,9518,3,No,13,3,3,3,0,0,0,0
51,No,Travel_Rarely,Research & Development,9,Life Sciences,4,Male,96,3,1,Laboratory Technician,4,2075,18725,3,No,23,4,10,3,4,2,0,3
30,No,Travel_Rarely,Research & Development,2,Life Sciences,3,Male,99,2,2,Healthcare Representative,4,4152,15830,1,No,19,3,11,3,11,10,10,8
46,Yes,Travel_Rarely,Sales,9,Medical,3,Male,64,2,3,Sales Executive,4,9619,13596,1,No,16,3,9,3,9,8,4,7
40,No,Travel_Frequently,Research & Development,1,Life Sciences,3,Male,78,2,4,Healthcare Representative,2,13503,14115,1,No,22,4,22,2,22,3,11,11
51,No,Travel_Rarely,Sales,21,Marketing,3,Male,71,3,2,Sales Executive,4,5441,8423,0,Yes,22,4,11,1,10,7,1,0
30,No,Travel_Rarely,Sales,4,Medical,3,Female,63,2,2,Sales Executive,2,5209,19760,1,Yes,12,3,11,2,11,8,2,7
46,No,Travel_Frequently,Research & Development,1,Medical,3,Male,40,2,3,Healthcare Representative,1,10673,3142,2,Yes,13,3,21,2,10,9,9,5
32,No,Travel_Rarely,Sales,6,Medical,2,Male,87,3,2,Sales Executive,3,5010,24301,1,No,16,3,12,3,11,8,5,7
54,No,Travel_Rarely,Research & Development,2,Technical Degree,1,Female,60,3,3,Research Director,3,13549,24001,9,No,12,3,16,1,4,3,0,3
24,No,Travel_Rarely,Sales,3,Other,1,Female,33,3,2,Sales Executive,3,4999,17519,0,No,21,4,4,2,3,2,0,2
28,No,Non-Travel,Sales,4,Medical,2,Male,43,3,2,Sales Executive,3,4221,8863,1,No,15,3,5,4,5,4,0,4
58,No,Travel_Rarely,Sales,10,Medical,4,Male,37,3,4,Sales Executive,3,13872,24409,0,No,13,3,38,2,37,10,1,8
44,No,Non-Travel,Research & Development,23,Medical,2,Male,67,3,2,Laboratory Technician,2,2042,25043,4,No,12,3,17,4,3,2,1,2
37,Yes,Travel_Rarely,Human Resources,6,Human Resources,3,Male,63,3,1,Human Resources,1,2073,23648,4,Yes,22,4,7,3,3,2,0,2
32,No,Travel_Rarely,Research & Development,1,Life Sciences,4,Male,71,3,1,Research Scientist,1,2956,15178,1,No,13,3,1,3,1,0,0,0
20,Yes,Travel_Frequently,Research & Development,6,Life Sciences,4,Female,66,2,1,Laboratory Technician,4,2926,19783,1,Yes,18,3,1,3,1,0,1,0
34,No,Travel_Rarely,Research & Development,6,Other,1,Female,41,3,2,Research Scientist,3,4809,12482,1,No,14,3,16,3,16,13,2,10
37,No,Non-Travel,Research & Development,2,Life Sciences,3,Male,100,2,2,Healthcare Representative,4,5163,15850,5,No,14,3,17,4,1,0,0,0
59,No,Non-Travel,Human Resources,2,Human Resources,3,Female,32,2,5,Manager,4,18844,21922,9,No,21,4,30,3,3,2,2,2
50,No,Travel_Frequently,Research & Development,1,Life Sciences,1,Female,73,3,5,Research Director,2,18172,9755,3,Yes,19,3,28,2,8,3,0,7
25,Yes,Travel_Rarely,Sales,5,Marketing,3,Male,46,2,2,Sales Executive,3,5744,26959,1,Yes,11,3,6,3,6,4,0,3
25,No,Travel_Rarely,Research & Development,7,Medical,4,Male,64,2,1,Research Scientist,4,2889,26897,1,No,11,3,2,3,2,2,2,1
22,No,Travel_Rarely,Research & Development,15,Medical,2,Female,59,3,1,Laboratory Technician,4,2871,23785,1,No,15,3,1,3,0,0,0,0
51,No,Travel_Frequently,Research & Development,1,Medical,1,Female,30,2,3,Healthcare Representative,1,7484,25796,3,No,20,4,23,2,13,12,12,8
34,Yes,Travel_Frequently,Research & Development,7,Life Sciences,1,Male,66,1,2,Laboratory Technician,3,6074,22887,1,Yes,24,4,9,3,9,7,0,6
54,No,Non-Travel,Human Resources,26,Human Resources,4,Female,30,4,4,Manager,4,17328,13871,2,Yes,12,3,23,3,5,3,4,4
24,No,Travel_Rarely,Research & Development,18,Life Sciences,2,Male,52,3,1,Laboratory Technician,3,2774,13257,0,No,12,3,6,3,5,3,1,2
34,No,Travel_Rarely,Research & Development,6,Life Sciences,3,Female,45,2,2,Research Scientist,2,4505,15000,6,No,15,3,12,3,1,0,0,0
37,No,Travel_Rarely,Sales,3,Life Sciences,3,Male,87,3,3,Sales Executive,4,7428,14506,2,No,12,3,12,3,5,3,1,3
34,No,Travel_Rarely,Research & Development,5,Medical,3,Female,45,2,3,Manager,1,11631,5615,2,No,12,3,14,3,11,10,5,8
36,No,Travel_Frequently,Sales,11,Technical Degree,2,Female,92,3,3,Sales Executive,4,9738,22952,0,No,14,3,10,3,9,7,2,8
36,No,Travel_Rarely,Research & Development,3,Life Sciences,1,Female,39,3,1,Laboratory Technician,4,2835,2561,5,No,22,4,7,3,1,0,0,0
43,No,Travel_Frequently,Sales,26,Life Sciences,3,Male,92,3,4,Manager,4,16959,19494,1,Yes,12,3,25,4,25,12,4,12
30,No,Travel_Frequently,Research & Development,23,Life Sciences,1,Male,96,1,1,Research Scientist,3,2613,22310,1,No,25,4,10,2,10,7,0,9
33,No,Non-Travel,Sales,22,Marketing,3,Male,95,3,2,Sales Executive,2,6146,15480,0,No,13,3,8,4,7,7,0,7
56,Yes,Travel_Rarely,Research & Development,14,Life Sciences,2,Female,72,3,1,Research Scientist,2,4963,4510,9,Yes,18,3,7,3,5,4,4,3
51,No,Travel_Rarely,Research & Development,6,Life Sciences,1,Male,51,3,5,Research Director,3,19537,6462,7,No,13,3,23,3,20,18,15,15
31,Yes,Travel_Rarely,Sales,6,Life Sciences,2,Male,76,1,2,Sales Executive,3,6172,20739,4,Yes,18,3,12,2,7,7,7,7
26,No,Travel_Rarely,Research & Development,6,Other,3,Female,46,2,1,Research Scientist,2,2368,23300,1,No,19,3,5,2,5,4,4,3
58,Yes,Travel_Rarely,Research & Development,23,Medical,4,Female,94,3,3,Healthcare Representative,4,10312,3465,1,No,12,3,40,2,40,10,15,6
19,Yes,Travel_Rarely,Sales,22,Marketing,4,Male,50,3,1,Sales Representative,3,1675,26820,1,Yes,19,3,0,2,0,0,0,0
22,No,Travel_Rarely,Research & Development,2,Technical Degree,3,Male,100,3,1,Laboratory Technician,4,2523,19299,0,No,14,3,3,3,2,1,2,1
49,No,Travel_Rarely,Research & Development,20,Medical,3,Female,96,3,2,Manufacturing Director,1,6567,5549,1,No,14,3,16,2,15,11,5,11
43,No,Travel_Frequently,Research & Development,28,Medical,2,Female,72,4,1,Research Scientist,3,4739,16090,4,No,12,3,18,3,3,2,1,2
50,No,Travel_Frequently,Sales,12,Marketing,3,Female,77,3,3,Sales Executive,4,9208,6645,4,No,11,3,16,3,2,2,2,1
31,Yes,Travel_Rarely,Sales,20,Life Sciences,2,Female,71,1,2,Sales Executive,3,4559,24788,3,Yes,11,3,4,3,2,2,2,2
41,No,Travel_Rarely,Sales,9,Life Sciences,3,Male,96,3,3,Sales Executive,3,8189,21196,3,Yes,13,3,12,3,9,7,0,7
26,No,Travel_Rarely,Human Resources,25,Life Sciences,3,Female,61,3,1,Human Resources,3,2942,8916,1,No,23,4,8,3,8,7,5,7
36,No,Travel_Rarely,Research & Development,6,Medical,2,Male,84,3,2,Manufacturing Director,2,4941,2819,6,No,20,4,7,3,3,2,0,1
51,Yes,Travel_Frequently,Research & Development,8,Life Sciences,1,Male,53,1,3,Manufacturing Director,4,10650,25150,2,No,15,3,18,3,4,2,0,3
39,No,Travel_Rarely,Sales,4,Life Sciences,4,Female,47,2,2,Sales Executive,3,5902,14590,4,No,14,3,17,4,15,11,5,9
25,No,Travel_Rarely,Sales,28,Life Sciences,1,Male,41,2,2,Sales Executive,3,8639,24835,2,No,18,3,6,3,2,2,2,2
30,No,Travel_Rarely,Human Resources,9,Human Resources,3,Male,48,3,2,Human Resources,4,6347,13982,0,Yes,19,3,12,1,11,9,4,7
32,Yes,Travel_Rarely,Research & Development,9,Medical,1,Female,41,3,1,Laboratory Technician,1,4200,10224,7,No,22,4,10,4,5,4,0,4
45,No,Travel_Rarely,Research & Development,29,Medical,3,Male,83,3,1,Research Scientist,4,3452,9752,5,No,13,3,9,2,6,5,0,3
38,No,Travel_Rarely,Research & Development,3,Technical Degree,4,Female,32,3,2,Research Scientist,3,4317,2302,3,Yes,20,4,19,3,3,2,2,2
30,No,Travel_Rarely,Research & Development,18,Life Sciences,1,Female,75,3,1,Research Scientist,3,2632,23910,1,No,14,3,5,2,5,4,0,4
32,No,Travel_Frequently,Sales,9,Medical,4,Male,35,1,2,Sales Executive,4,4668,22812,0,No,17,3,9,4,8,7,0,7
30,No,Travel_Rarely,Research & Development,5,Technical Degree,4,Female,84,3,1,Research Scientist,1,3204,10415,5,No,14,3,8,3,3,2,2,2
30,No,Travel_Rarely,Research & Development,2,Medical,2,Male,35,2,1,Laboratory Technician,4,2720,11162,0,No,13,3,6,3,5,3,1,2
41,No,Travel_Frequently,Research & Development,10,Life Sciences,4,Male,91,2,4,Manager,1,17181,12888,4,No,13,3,21,2,7,6,7,7
41,No,Travel_Rarely,Research & Development,9,Life Sciences,3,Male,94,3,1,Laboratory Technician,1,2238,6961,2,No,21,4,7,3,5,0,1,4
19,No,Travel_Rarely,Research & Development,3,Medical,2,Female,79,3,1,Laboratory Technician,2,1483,16102,1,No,14,3,1,3,1,0,0,0
40,No,Travel_Frequently,Research & Development,26,Medical,2,Female,54,3,2,Research Scientist,2,5605,8504,1,No,11,3,20,3,20,7,2,13
35,No,Travel_Rarely,Sales,1,Marketing,3,Male,94,3,3,Sales Executive,2,7295,11439,1,No,13,3,10,3,10,8,0,6
53,No,Travel_Rarely,Sales,6,Marketing,2,Male,34,3,2,Sales Representative,3,2306,16047,2,Yes,20,4,13,1,7,7,4,5
45,No,Travel_Rarely,Research & Development,9,Life Sciences,2,Male,60,3,2,Laboratory Technician,2,2348,10901,8,No,18,3,20,1,17,9,0,15
32,No,Travel_Frequently,Sales,8,Marketing,2,Female,43,3,3,Sales Executive,4,8998,15589,1,No,14,3,9,3,9,8,3,7
29,No,Non-Travel,Research & Development,1,Technical Degree,4,Male,41,3,2,Manufacturing Director,3,4319,26283,1,No,13,3,10,3,10,7,0,9
51,No,Travel_Rarely,Research & Development,7,Medical,2,Male,34,2,2,Manufacturing Director,3,6132,13983,2,No,17,3,10,3,1,0,0,0
58,No,Travel_Rarely,Research & Development,9,Medical,2,Female,75,2,1,Research Scientist,2,3346,11873,4,Yes,20,4,9,2,1,0,0,0
40,No,Travel_Rarely,Sales,4,Marketing,3,Male,67,2,3,Sales Executive,4,10855,8552,7,No,11,3,15,2,12,11,2,11
34,No,Travel_Frequently,Sales,2,Marketing,3,Female,75,3,1,Sales Representative,3,2231,11314,6,No,18,3,6,3,4,3,1,2
22,No,Travel_Rarely,Research & Development,19,Medical,3,Male,80,3,1,Research Scientist,4,2323,11992,1,No,24,4,2,3,2,2,2,2
27,No,Non-Travel,Research & Development,9,Medical,4,Male,57,3,1,Research Scientist,2,2024,5970,6,No,18,3,6,1,2,2,2,2
28,No,Travel_Rarely,Research & Development,21,Medical,3,Male,42,3,1,Research Scientist,4,2713,6672,1,No,11,3,5,1,5,2,0,2
57,No,Travel_Rarely,Research & Development,24,Life Sciences,3,Male,83,4,3,Healthcare Representative,4,9439,23402,3,Yes,16,3,12,1,5,3,1,4
27,No,Non-Travel,Research & Development,3,Medical,3,Male,79,2,1,Research Scientist,3,2566,25326,1,Yes,15,3,1,2,1,1,0,1
50,No,Travel_Rarely,Research & Development,11,Life Sciences,3,Female,53,3,5,Manager,2,19926,17053,3,No,15,3,21,3,5,4,4,4
41,No,Travel_Rarely,Research & Development,14,Life Sciences,1,Male,56,3,1,Research Scientist,3,2451,4609,4,No,12,3,13,3,9,8,1,8
30,No,Travel_Rarely,Sales,5,Life Sciences,2,Female,41,3,3,Sales Executive,4,9419,8053,2,No,12,3,12,3,10,9,7,4
38,No,Travel_Rarely,Sales,1,Life Sciences,1,Female,59,2,2,Sales Executive,4,8686,12930,4,No,22,4,12,4,8,3,0,7
32,No,Travel_Rarely,Research & Development,6,Life Sciences,3,Male,43,3,1,Research Scientist,3,3038,12430,3,No,20,4,8,3,5,4,1,4
27,No,Travel_Rarely,Research & Development,17,Technical Degree,3,Male,51,3,1,Research Scientist,2,3058,13364,0,Yes,16,3,6,2,5,2,1,1
19,Yes,Travel_Frequently,Sales,1,Technical Degree,3,Female,100,1,1,Sales Representative,1,2325,20989,0,No,21,4,1,4,0,0,0,0
36,No,Travel_Frequently,Research & Development,3,Medical,4,Male,30,3,1,Laboratory Technician,2,2088,15062,4,No,12,3,13,2,8,7,7,2
30,No,Non-Travel,Research & Development,9,Medical,3,Male,66,3,2,Laboratory Technician,1,3072,11012,1,No,11,3,12,3,12,9,6,10
45,No,Travel_Rarely,Sales,4,Life Sciences,3,Female,30,3,2,Sales Executive,1,5006,6319,4,Yes,11,3,9,4,5,4,0,3
56,No,Travel_Rarely,Research & Development,8,Life Sciences,3,Female,67,3,1,Research Scientist,1,4257,13939,4,Yes,18,3,19,3,2,2,2,2
33,No,Travel_Rarely,Research & Development,2,Life Sciences,3,Male,90,3,1,Research Scientist,4,2500,10515,0,No,14,3,4,4,3,1,0,2
19,Yes,Travel_Rarely,Research & Development,2,Life Sciences,2,Male,47,2,1,Laboratory Technician,4,1102,9241,1,No,22,4,1,2,1,0,1,0
46,No,Travel_Rarely,Sales,1,Marketing,2,Female,92,3,3,Sales Executive,1,10453,2137,1,No,25,4,24,3,24,13,15,7
38,No,Travel_Rarely,Research & Development,9,Life Sciences,3,Female,75,3,1,Laboratory Technician,4,2288,6319,1,No,12,3,2,3,2,2,2,1
31,No,Travel_Rarely,Research & Development,12,Medical,3,Female,95,3,1,Research Scientist,4,3929,6984,8,Yes,23,4,7,3,4,2,0,2
34,No,Travel_Rarely,Research & Development,27,Medical,4,Female,95,3,1,Research Scientist,2,2311,5711,2,No,15,3,9,3,3,2,1,2
41,Yes,Travel_Rarely,Sales,20,Marketing,2,Female,70,3,1,Sales Representative,2,3140,21728,1,Yes,22,4,4,2,4,3,0,2
50,No,Travel_Rarely,Research & Development,1,Medical,3,Male,86,2,1,Laboratory Technician,3,3690,3425,2,No,15,3,5,2,3,2,0,2
53,No,Travel_Rarely,Research & Development,13,Medical,4,Female,57,4,2,Manufacturing Director,1,4450,26250,1,No,11,3,5,3,4,2,1,3
33,No,Travel_Rarely,Research & Development,14,Medical,4,Female,72,3,1,Research Scientist,2,2756,4673,1,No,13,3,8,3,8,7,1,6
40,No,Travel_Rarely,Research & Development,4,Medical,4,Female,46,3,5,Manager,3,19033,6499,1,No,14,3,21,3,20,8,9,9
55,No,Travel_Rarely,Research & Development,14,Medical,3,Male,61,4,5,Research Director,2,18722,13339,8,No,11,3,36,3,24,15,2,15
34,No,Travel_Frequently,Research & Development,2,Life Sciences,4,Male,45,2,2,Manufacturing Director,3,9547,14074,1,No,17,3,10,2,10,9,1,9
51,No,Travel_Rarely,Research & Development,3,Medical,4,Female,98,3,4,Healthcare Representative,2,13734,7192,3,No,18,3,21,3,7,7,1,0
52,No,Travel_Rarely,Research & Development,1,Life Sciences,3,Male,65,2,5,Manager,3,19999,5678,0,No,14,3,34,3,33,18,11,9
27,No,Travel_Rarely,Research & Development,9,Medical,4,Female,99,3,1,Research Scientist,2,2279,11781,1,No,16,3,7,2,7,7,0,3
35,Yes,Travel_Rarely,Research & Development,23,Life Sciences,2,Male,50,2,2,Manufacturing Director,3,5916,15497,3,Yes,13,3,8,3,1,0,0,1
43,No,Non-Travel,Research & Development,7,Medical,4,Male,37,4,1,Research Scientist,4,2089,5228,4,No,14,3,7,4,5,4,2,2
45,No,Non-Travel,Research & Development,2,Medical,1,Male,65,2,4,Manager,4,16792,20462,9,No,23,4,22,3,20,8,11,8
37,No,Travel_Rarely,Research & Development,21,Life Sciences,2,Male,65,4,1,Research Scientist,1,3564,22977,1,Yes,12,3,8,2,8,7,1,7
35,No,Travel_Frequently,Research & Development,2,Medical,2,Female,37,3,2,Laboratory Technician,2,4425,15986,5,No,11,3,10,3,6,2,1,2
42,No,Non-Travel,Research & Development,21,Medical,3,Female,36,3,2,Manufacturing Director,3,5265,16439,2,No,16,3,11,3,5,3,0,2
38,No,Travel_Rarely,Research & Development,2,Life Sciences,4,Male,88,3,2,Manufacturing Director,3,6553,7259,9,No,14,3,14,3,1,0,0,0
38,No,Travel_Rarely,Research & Development,29,Technical Degree,4,Male,54,3,2,Manufacturing Director,4,6261,4185,3,No,18,3,9,1,7,7,1,7
27,No,Travel_Frequently,Research & Development,1,Technical Degree,3,Male,60,2,2,Manufacturing Director,1,4298,9679,5,No,19,3,6,3,2,2,2,0
49,No,Non-Travel,Research & Development,18,Life Sciences,4,Male,92,3,2,Manufacturing Director,4,6804,23793,1,Yes,15,3,7,3,7,7,1,7
34,No,Travel_Frequently,Research & Development,10,Medical,4,Male,43,3,1,Research Scientist,3,3815,5972,1,Yes,17,3,5,4,5,3,2,0
40,No,Travel_Rarely,Research & Development,19,Medical,3,Male,99,3,2,Laboratory Technician,4,2741,16523,8,Yes,15,3,15,4,7,2,3,7
38,Yes,Travel_Rarely,Research & Development,29,Medical,2,Male,70,3,2,Healthcare Representative,1,6673,11354,7,Yes,19,3,17,3,1,0,0,0
29,Yes,Travel_Rarely,Sales,27,Marketing,2,Female,35,3,3,Sales Executive,4,7639,24525,1,No,22,4,10,2,10,4,1,9
22,No,Travel_Rarely,Research & Development,5,Life Sciences,4,Male,60,4,1,Research Scientist,2,2328,12392,1,Yes,16,3,4,2,4,2,2,2
36,No,Travel_Frequently,Research & Development,18,Medical,2,Female,73,3,1,Laboratory Technician,4,2153,7703,1,No,13,3,8,3,8,1,1,7
40,No,Non-Travel,Research & Development,9,Life Sciences,4,Male,63,2,2,Healthcare Representative,4,4876,14242,9,No,14,3,5,1,3,2,0,2
46,No,Travel_Rarely,Research & Development,1,Medical,4,Male,97,3,3,Healthcare Representative,1,9396,12368,7,No,16,3,17,3,4,2,0,3
32,Yes,Travel_Rarely,Sales,4,Medical,4,Male,32,1,3,Sales Executive,4,10400,25812,1,No,11,3,14,2,14,8,9,8
30,No,Non-Travel,Research & Development,1,Life Sciences,3,Male,88,2,3,Manufacturing Director,3,8474,20925,1,No,22,4,12,3,11,8,5,8
27,No,Travel_Frequently,Sales,20,Life Sciences,4,Female,90,3,2,Sales Executive,3,9981,12916,1,No,14,3,7,3,7,7,0,7
51,No,Travel_Rarely,Research & Development,8,Life Sciences,2,Male,81,2,3,Research Director,2,12490,15736,5,No,16,3,16,1,10,9,4,7
30,Yes,Travel_Rarely,Research & Development,3,Technical Degree,4,Female,88,3,1,Research Scientist,1,2657,8556,5,Yes,11,3,8,3,5,2,0,4
41,No,Travel_Rarely,Sales,6,Life Sciences,4,Female,75,3,3,Manager,4,13591,14674,3,Yes,18,3,16,3,1,0,0,0
30,Yes,Travel_Frequently,Sales,26,Marketing,3,Female,52,2,2,Sales Executive,1,6696,22967,5,No,15,3,9,2,6,3,0,1
29,Yes,Travel_Rarely,Research & Development,1,Technical Degree,3,Male,85,3,1,Research Scientist,3,2058,19757,0,No,14,3,7,2,6,2,1,5
45,No,Non-Travel,Sales,6,Medical,4,Female,57,2,3,Sales Executive,4,8865,16840,6,No,12,3,23,3,19,7,12,8
54,No,Travel_Rarely,Sales,3,Marketing,4,Female,52,3,2,Sales Executive,1,5940,17011,2,No,14,3,16,3,6,2,0,5
36,No,Travel_Rarely,Research & Development,5,Life Sciences,4,Male,62,3,2,Laboratory Technician,2,5914,9945,8,No,16,3,16,4,13,11,3,7
33,No,Travel_Rarely,Research & Development,4,Medical,3,Female,47,2,1,Research Scientist,2,2622,13248,6,No,21,4,7,3,3,2,1,1
37,No,Travel_Frequently,Research & Development,11,Other,2,Male,47,3,3,Research Director,4,12185,10056,1,Yes,14,3,10,3,10,8,0,7
38,No,Travel_Rarely,Sales,3,Life Sciences,1,Male,76,3,3,Sales Executive,3,10609,9647,0,No,12,3,17,2,16,10,5,13
31,No,Non-Travel,Research & Development,1,Medical,3,Male,90,1,2,Manufacturing Director,3,4345,4381,0,No,12,3,6,3,5,4,1,4
59,No,Travel_Rarely,Research & Development,3,Life Sciences,3,Male,70,2,1,Research Scientist,4,2177,8456,3,No,17,3,7,3,1,0,0,0
37,No,Travel_Frequently,Sales,4,Marketing,1,Male,41,3,1,Sales Representative,4,2793,2539,4,No,17,3,13,3,9,8,5,8
29,No,Travel_Frequently,Sales,1,Medical,2,Female,42,3,3,Sales Executive,4,7918,6599,1,No,14,3,11,3,11,10,4,1
35,No,Travel_Frequently,Sales,1,Marketing,3,Female,92,3,3,Sales Executive,3,8789,9096,1,No,14,3,10,4,10,7,0,8
29,Yes,Travel_Rarely,Research & Development,18,Medical,3,Male,86,2,1,Research Scientist,4,2389,14961,1,Yes,13,3,4,2,4,3,0,1
52,No,Travel_Rarely,Research & Development,2,Life Sciences,3,Female,89,2,1,Laboratory Technician,4,3212,3300,7,No,15,3,6,2,2,2,2,2
42,No,Travel_Rarely,Research & Development,4,Technical Degree,3,Male,58,3,5,Manager,4,19232,4933,1,No,11,3,22,3,22,17,11,15
59,No,Travel_Rarely,Human Resources,6,Medical,2,Male,52,3,1,Human Resources,3,2267,25657,8,No,17,3,7,2,2,2,2,2
50,No,Travel_Rarely,Sales,1,Medical,4,Female,68,3,5,Manager,4,19517,24118,3,No,11,3,32,2,7,0,0,6
33,Yes,Travel_Rarely,Research & Development,14,Medical,3,Male,58,3,1,Laboratory Technician,4,2436,22149,5,Yes,13,3,8,1,5,4,0,4
43,No,Travel_Rarely,Sales,16,Marketing,4,Female,80,3,4,Manager,4,16064,7744,5,Yes,22,4,22,3,17,13,1,9
33,Yes,Travel_Rarely,Research & Development,2,Life Sciences,1,Female,39,3,1,Laboratory Technician,1,2707,21509,7,No,20,4,13,4,9,7,1,7
52,No,Non-Travel,Sales,2,Life Sciences,1,Male,79,2,5,Manager,3,19068,21030,1,Yes,18,3,33,4,33,7,15,12
32,No,Travel_Rarely,Sales,4,Life Sciences,3,Female,56,3,1,Sales Representative,2,3931,20990,2,No,11,3,6,3,4,3,1,2
32,Yes,Travel_Rarely,Research & Development,1,Life Sciences,4,Male,62,2,1,Laboratory Technician,3,3730,9571,0,Yes,14,3,4,1,3,2,1,2
39,No,Travel_Rarely,Research & Development,1,Medical,3,Female,96,3,1,Laboratory Technician,3,2232,15417,7,No,14,3,7,3,3,2,1,2
32,No,Non-Travel,Sales,26,Marketing,3,Male,100,3,2,Sales Executive,4,4465,12069,0,No,18,3,4,3,3,2,2,2
41,No,Travel_Rarely,Research & Development,19,Life Sciences,3,Male,36,3,2,Research Scientist,1,3072,19877,2,No,16,3,17,2,1,0,0,0
40,No,Travel_Rarely,Research & Development,24,Technical Degree,1,Male,62,3,2,Research Scientist,4,3319,24447,1,No,17,3,9,3,9,8,4,7
45,No,Travel_Rarely,Research & Development,1,Other,3,Male,70,4,5,Manager,4,19202,15970,0,No,11,3,25,3,24,0,1,7
31,No,Travel_Frequently,Research & Development,3,Medical,2,Male,73,3,3,Research Director,3,13675,13523,9,No,12,3,9,3,2,2,2,2
33,No,Travel_Rarely,Research & Development,5,Life Sciences,3,Female,63,2,1,Research Scientist,4,2911,14776,1,No,13,3,2,2,2,2,0,2
34,No,Travel_Rarely,Research & Development,2,Life Sciences,4,Male,84,2,2,Manufacturing Director,1,5957,23687,6,No,13,3,13,3,11,9,5,9
37,No,Travel_Rarely,Research & Development,1,Medical,3,Female,83,2,1,Research Scientist,1,3920,18697,2,No,14,3,17,2,3,1,0,2
45,No,Travel_Frequently,Research & Development,7,Life Sciences,1,Male,77,4,2,Manufacturing Director,3,6434,5118,4,No,17,3,9,3,3,2,0,2
37,Yes,Travel_Frequently,Research & Development,10,Medical,1,Male,61,3,3,Manufacturing Director,3,10048,22573,6,No,11,3,17,3,1,0,0,0
39,No,Travel_Frequently,Research & Development,2,Technical Degree,3,Female,64,3,3,Healthcare Representative,3,10938,6420,0,No,25,4,20,3,19,6,11,8
29,No,Travel_Rarely,Research & Development,15,Life Sciences,3,Male,60,3,1,Research Scientist,4,2340,22673,1,No,19,3,6,3,6,5,1,5
42,No,Travel_Rarely,Research & Development,17,Life Sciences,4,Female,82,4,2,Research Scientist,1,6545,23016,3,Yes,13,3,10,3,3,2,0,2
29,No,Travel_Rarely,Sales,20,Marketing,4,Male,45,3,2,Sales Executive,4,6931,10732,2,No,14,3,10,3,3,2,0,2
25,No,Travel_Rarely,Research & Development,1,Life Sciences,1,Female,62,3,2,Manufacturing Director,3,4898,7505,0,No,12,3,5,3,4,2,1,2
42,No,Travel_Rarely,Research & Development,2,Medical,4,Female,56,2,1,Laboratory Technician,1,2593,8007,0,Yes,11,3,10,3,9,6,7,8
40,No,Travel_Rarely,Research & Development,2,Medical,1,Male,49,3,5,Research Director,3,19436,5949,0,No,19,3,22,3,21,7,3,9
51,No,Travel_Rarely,Research & Development,1,Life Sciences,3,Male,96,3,1,Research Scientist,4,2723,23231,1,No,11,3,1,2,1,0,0,0
31,Yes,Travel_Frequently,Research & Development,29,Medical,3,Male,71,2,1,Laboratory Technician,2,3479,11652,0,No,11,3,6,4,5,4,1,4
32,No,Travel_Frequently,Research & Development,7,Life Sciences,2,Male,100,4,1,Laboratory Technician,2,2794,26062,1,No,20,4,5,1,5,1,0,3
38,No,Non-Travel,Sales,2,Life Sciences,4,Male,39,2,2,Sales Executive,4,5249,19682,3,No,18,3,13,3,8,7,7,5
32,No,Travel_Rarely,Research & Development,2,Technical Degree,4,Male,84,2,2,Laboratory Technician,1,2176,19737,4,No,13,3,9,3,6,2,0,4
46,No,Travel_Rarely,Sales,2,Technical Degree,3,Female,75,1,4,Manager,2,16872,14977,3,Yes,12,3,28,2,7,7,7,7
28,Yes,Travel_Rarely,Research & Development,2,Life Sciences,1,Male,79,3,1,Laboratory Technician,3,3485,14935,2,No,11,3,5,1,0,0,0,0
29,No,Travel_Rarely,Sales,2,Medical,1,Male,78,2,2,Sales Executive,2,6644,3687,2,No,19,3,10,3,0,0,0,0
31,No,Travel_Rarely,Research & Development,23,Medical,2,Male,64,2,2,Healthcare Representative,4,5582,14408,0,No,21,4,10,3,9,0,7,8
25,No,Non-Travel,Research & Development,5,Life Sciences,2,Male,85,4,2,Healthcare Representative,1,4000,18384,1,No,12,3,6,3,6,3,1,5
45,No,Travel_Rarely,Research & Development,20,Medical,3,Male,79,3,4,Healthcare Representative,4,13496,7501,0,Yes,14,3,21,3,20,7,4,10
36,No,Travel_Rarely,Research & Development,6,Life Sciences,4,Male,47,3,1,Laboratory Technician,4,3210,20251,0,No,11,3,16,3,15,13,10,11
55,No,Travel_Rarely,Research & Development,1,Medical,4,Male,81,3,5,Manager,1,19045,18938,0,Yes,14,3,37,3,36,10,4,13
47,Yes,Non-Travel,Research & Development,29,Life Sciences,1,Male,88,3,3,Manager,2,11849,10268,1,Yes,12,3,10,2,10,7,9,9
28,No,Travel_Rarely,Research & Development,9,Medical,4,Male,94,3,1,Research Scientist,4,2070,2613,1,No,23,4,5,2,5,2,0,4
37,No,Travel_Rarely,Sales,6,Medical,3,Male,98,3,2,Sales Executive,4,6502,22825,4,No,14,3,7,4,5,4,0,1
21,No,Travel_Rarely,Research & Development,3,Medical,4,Male,100,2,1,Research Scientist,3,3230,10531,1,No,17,3,3,4,3,2,1,0
37,No,Non-Travel,Research & Development,1,Medical,1,Female,80,3,3,Research Director,4,13603,11677,2,Yes,18,3,15,3,5,2,0,2
35,No,Travel_Rarely,Research & Development,22,Life Sciences,2,Female,71,4,3,Manager,2,11996,19100,7,No,18,3,10,2,7,7,6,2
38,No,Travel_Rarely,Sales,7,Medical,1,Female,44,4,2,Sales Executive,1,5605,19191,1,Yes,24,4,8,3,8,0,7,7
26,No,Travel_Frequently,Research & Development,1,Life Sciences,3,Female,84,3,2,Manufacturing Director,2,6397,26767,1,No,20,4,6,1,6,5,1,4
50,No,Travel_Rarely,Research & Development,4,Life Sciences,1,Male,96,3,5,Research Director,2,19144,15815,3,No,14,3,28,2,10,4,1,6
53,No,Travel_Rarely,Research & Development,3,Medical,3,Male,45,3,4,Research Director,3,17584,21016,3,Yes,16,3,21,2,5,3,1,3
42,No,Travel_Rarely,Sales,1,Life Sciences,2,Male,99,3,2,Sales Executive,3,4907,24532,1,No,25,4,20,3,20,16,11,6
29,No,Travel_Frequently,Sales,2,Life Sciences,2,Male,44,3,2,Sales Executive,4,4554,20260,1,No,18,3,10,2,10,7,0,9
55,No,Travel_Rarely,Research & Development,20,Technical Degree,2,Male,37,3,2,Laboratory Technician,4,5415,15972,3,Yes,19,3,12,3,10,7,0,8
26,No,Travel_Frequently,Research & Development,11,Medical,1,Male,60,3,2,Healthcare Representative,1,4741,22722,1,Yes,13,3,5,3,5,3,3,3
37,No,Travel_Rarely,Research & Development,1,Life Sciences,4,Female,42,3,1,Research Scientist,4,2115,15881,1,No,12,3,17,3,17,12,5,7
44,Yes,Travel_Frequently,Research & Development,24,Life Sciences,4,Male,43,3,1,Laboratory Technician,3,3161,19920,3,Yes,22,4,19,1,1,0,0,0
38,No,Travel_Rarely,Research & Development,23,Life Sciences,4,Male,82,3,2,Healthcare Representative,4,5745,18899,9,No,14,3,10,3,2,2,1,2
26,Yes,Travel_Rarely,Research & Development,16,Medical,1,Male,45,3,1,Laboratory Technician,2,2373,14180,2,Yes,13,3,5,3,3,2,0,2
28,No,Travel_Rarely,Research & Development,8,Life Sciences,4,Female,66,3,1,Research Scientist,4,3310,4488,1,No,21,4,5,3,5,3,0,2
49,No,Travel_Frequently,Research & Development,10,Life Sciences,3,Female,35,3,5,Research Director,1,18665,25594,9,Yes,11,3,22,3,3,2,1,2
36,No,Travel_Rarely,Research & Development,3,Technical Degree,3,Male,30,3,2,Research Scientist,2,4485,26285,4,No,12,3,10,3,8,0,7,7
31,No,Travel_Frequently,Sales,5,Marketing,4,Female,84,3,1,Sales Representative,2,2789,3909,1,No,11,3,2,2,2,2,2,2
26,Yes,Travel_Rarely,Sales,4,Marketing,4,Male,48,2,2,Sales Executive,4,5828,8450,1,Yes,12,3,8,3,8,7,7,4
37,No,Travel_Frequently,Research & Development,9,Medical,2,Male,53,3,1,Research Scientist,4,2326,11411,1,Yes,12,3,4,2,4,2,1,2
42,No,Travel_Frequently,Sales,26,Marketing,3,Female,77,3,4,Sales Executive,2,13525,14864,5,No,14,3,23,4,20,4,4,8
18,Yes,Travel_Rarely,Research & Development,3,Life Sciences,3,Male,54,3,1,Laboratory Technician,3,1420,25233,1,No,13,3,0,3,0,0,0,0
35,No,Travel_Rarely,Sales,16,Marketing,3,Male,96,3,3,Sales Executive,2,8020,5100,0,No,15,3,12,2,11,9,6,9
36,No,Travel_Frequently,Research & Development,18,Life Sciences,3,Male,81,4,1,Laboratory Technician,4,3688,7122,4,No,18,3,4,3,1,0,0,0
51,No,Travel_Rarely,Research & Development,2,Medical,4,Male,84,1,2,Manufacturing Director,2,5482,16321,5,No,18,3,13,3,4,1,1,2
41,No,Travel_Rarely,Sales,2,Life Sciences,4,Male,88,3,4,Manager,2,16015,15896,1,No,19,3,22,3,22,10,0,4
18,No,Travel_Rarely,Sales,10,Medical,4,Female,69,2,1,Sales Representative,3,1200,9724,1,No,12,3,0,3,0,0,0,0
28,No,Travel_Rarely,Research & Development,16,Medical,2,Male,68,4,2,Healthcare Representative,1,5661,4824,0,No,19,3,9,3,8,3,0,7
31,No,Travel_Rarely,Sales,7,Technical Degree,2,Male,100,4,2,Sales Executive,4,6929,12241,4,No,11,3,10,2,8,7,7,7
39,No,Travel_Rarely,Research & Development,1,Medical,3,Male,48,4,3,Healthcare Representative,4,9613,10942,0,No,17,3,19,2,18,10,3,7
36,No,Non-Travel,Research & Development,24,Life Sciences,2,Female,47,3,2,Laboratory Technician,2,5674,6927,7,No,15,3,11,3,9,8,0,8
32,No,Travel_Rarely,Sales,7,Life Sciences,4,Male,91,2,2,Sales Executive,3,5484,16985,1,No,14,3,13,2,13,8,4,8
38,No,Travel_Rarely,Research & Development,25,Life Sciences,1,Female,81,2,3,Research Director,2,12061,26707,3,No,17,3,19,3,10,8,0,1
58,No,Non-Travel,Research & Development,1,Life Sciences,4,Male,32,1,2,Healthcare Representative,3,5660,17056,2,Yes,13,3,12,3,5,3,1,2
31,No,Travel_Rarely,Research & Development,5,Technical Degree,3,Male,86,3,1,Research Scientist,4,4821,10077,0,Yes,12,3,6,3,5,2,0,3
31,No,Travel_Rarely,Human Resources,2,Human Resources,1,Male,62,2,2,Human Resources,1,6410,17822,3,No,12,3,9,3,2,2,1,0
45,No,Travel_Frequently,Research & Development,7,Life Sciences,1,Male,97,3,3,Laboratory Technician,1,5210,20308,1,No,18,3,24,3,24,9,9,11
31,No,Travel_Rarely,Research & Development,2,Life Sciences,3,Male,32,3,1,Research Scientist,4,2695,7747,0,Yes,18,3,3,1,2,2,2,2
33,No,Travel_Frequently,Research & Development,5,Life Sciences,4,Female,74,3,3,Manager,2,11878,23364,6,No,11,3,12,3,10,6,8,8
39,No,Travel_Rarely,Research & Development,10,Medical,3,Male,99,3,4,Manager,1,17068,5355,1,Yes,14,3,21,3,21,9,11,10
43,No,Travel_Frequently,Research & Development,10,Life Sciences,3,Female,33,3,1,Laboratory Technician,4,2455,10675,0,No,19,3,9,3,8,7,1,7
49,No,Travel_Rarely,Research & Development,1,Technical Degree,3,Female,90,2,4,Healthcare Representative,3,13964,17810,7,Yes,12,3,25,3,7,1,0,7
52,Yes,Travel_Rarely,Research & Development,8,Medical,3,Male,85,2,2,Research Scientist,2,4941,17747,2,No,15,3,11,2,8,2,7,7
27,No,Travel_Rarely,Research & Development,5,Life Sciences,3,Female,85,3,1,Research Scientist,2,2478,20938,1,Yes,12,3,4,2,4,3,1,2
32,No,Travel_Rarely,Sales,8,Technical Degree,3,Female,65,2,2,Sales Executive,2,5228,24624,1,Yes,11,3,13,3,13,12,11,9
27,No,Travel_Rarely,Sales,2,Life Sciences,4,Male,74,3,2,Sales Executive,3,4478,5242,1,Yes,11,3,5,3,5,4,0,4
31,No,Travel_Rarely,Sales,7,Marketing,4,Male,73,3,2,Sales Executive,4,7547,7143,4,No,12,3,13,3,7,7,1,7
32,No,Travel_Rarely,Research & Development,2,Medical,1,Female,74,4,2,Research Scientist,4,5055,10557,7,No,16,3,10,2,7,7,0,7
28,Yes,Travel_Rarely,Research & Development,2,Medical,1,Male,84,1,1,Research Scientist,4,3464,24737,5,Yes,13,3,5,2,3,2,2,2
30,No,Travel_Rarely,Research & Development,28,Medical,4,Female,64,3,2,Research Scientist,4,5775,11934,1,No,13,3,11,3,10,8,1,9
31,No,Travel_Frequently,Research & Development,7,Life Sciences,3,Female,48,2,3,Manufacturing Director,3,8943,14034,1,No,24,4,10,3,10,9,8,9
39,No,Travel_Frequently,Research & Development,7,Medical,3,Male,54,2,5,Manager,4,19272,21141,1,No,15,3,21,3,21,9,13,3
39,Yes,Travel_Rarely,Sales,3,Medical,4,Female,41,3,2,Sales Executive,3,5238,17778,4,Yes,18,3,12,2,1,0,0,0
33,No,Travel_Frequently,Sales,10,Marketing,2,Male,46,2,2,Sales Executive,4,4682,4317,3,No,14,3,9,2,7,7,0,1
47,No,Travel_Rarely,Research & Development,5,Life Sciences,4,Male,42,3,5,Research Director,3,18300,16375,4,No,11,3,21,3,3,2,1,1
43,No,Travel_Frequently,Research & Development,10,Life Sciences,3,Female,82,2,2,Laboratory Technician,3,5257,6227,1,No,11,3,9,4,9,7,0,0
27,No,Non-Travel,Sales,1,Marketing,3,Male,73,3,2,Sales Executive,2,6349,22107,0,Yes,13,3,6,3,5,4,1,4
54,No,Travel_Frequently,Research & Development,20,Life Sciences,4,Female,31,3,2,Research Scientist,3,4869,16885,3,No,12,3,20,2,4,3,0,3
43,No,Travel_Rarely,Research & Development,7,Life Sciences,3,Female,43,3,3,Healthcare Representative,1,9985,9262,8,No,16,3,10,2,1,0,0,0
45,No,Travel_Rarely,Research & Development,8,Other,4,Male,75,3,2,Research Scientist,4,3697,9278,9,No,14,3,12,3,10,9,9,8
40,No,Travel_Rarely,Sales,1,Medical,2,Male,57,1,2,Sales Executive,4,7457,13273,2,Yes,22,4,6,2,4,3,0,2
29,Yes,Travel_Rarely,Research & Development,8,Other,2,Male,77,1,1,Laboratory Technician,1,2119,4759,1,Yes,11,3,7,2,7,7,0,7
29,No,Travel_Rarely,Research & Development,9,Other,2,Male,30,2,1,Laboratory Technician,4,3983,7621,0,No,17,3,4,3,3,2,2,2
30,No,Travel_Rarely,Sales,5,Marketing,4,Female,30,2,2,Sales Executive,3,6118,5431,1,No,13,3,10,3,10,9,1,2
27,No,Travel_Rarely,Sales,8,Marketing,2,Female,56,3,2,Sales Executive,2,6214,3415,1,No,18,3,8,3,8,7,0,7
37,No,Travel_Rarely,Research & Development,5,Medical,4,Male,61,3,2,Manufacturing Director,4,6347,23177,7,No,16,3,8,2,6,2,0,4
38,No,Travel_Rarely,Research & Development,15,Life Sciences,3,Male,92,2,3,Research Director,4,11510,15682,0,Yes,14,3,12,3,11,10,2,9
31,No,Travel_Rarely,Research & Development,7,Medical,3,Female,39,3,3,Manufacturing Director,4,7143,25713,1,Yes,14,3,11,2,11,9,4,10
29,No,Travel_Rarely,Sales,10,Marketing,4,Female,39,2,2,Sales Executive,2,8268,11866,1,Yes,14,3,7,3,7,7,1,7
35,No,Travel_Rarely,Research & Development,5,Technical Degree,3,Male,62,3,3,Manufacturing Director,2,8095,18264,0,No,13,3,17,3,16,6,0,13
23,No,Travel_Rarely,Research & Development,26,Life Sciences,3,Male,83,3,1,Research Scientist,4,2904,16092,1,No,12,3,4,2,4,2,0,2
41,No,Travel_Rarely,Research & Development,6,Medical,4,Male,95,2,2,Manufacturing Director,2,6032,10110,6,Yes,15,3,8,3,5,4,1,2
47,No,Travel_Frequently,Sales,4,Medical,2,Male,99,3,2,Sales Representative,3,2976,25751,3,No,19,3,5,3,0,0,0,0
42,No,Travel_Rarely,Research & Development,23,Life Sciences,1,Female,44,3,4,Research Director,4,15992,15901,2,No,14,3,16,3,1,0,0,0
29,No,Non-Travel,Sales,2,Life Sciences,4,Male,61,3,2,Sales Executive,3,4649,16928,1,No,14,3,4,2,4,3,0,2
42,No,Travel_Rarely,Human Resources,2,Technical Degree,3,Male,52,3,1,Human Resources,3,2696,24017,0,Yes,11,3,4,3,3,2,1,0
32,No,Travel_Rarely,Research & Development,2,Medical,3,Female,75,3,1,Laboratory Technician,2,2370,3956,1,No,13,3,8,3,8,0,0,7
48,No,Travel_Rarely,Sales,29,Medical,1,Female,91,3,3,Manager,3,12504,23978,3,No,21,4,15,1,0,0,0,0
37,No,Travel_Rarely,Research & Development,6,Medical,3,Male,51,4,2,Research Scientist,1,5974,17001,4,Yes,13,3,13,3,7,7,6,7
30,No,Non-Travel,Sales,25,Technical Degree,4,Female,85,3,2,Sales Executive,3,4736,6069,7,Yes,12,3,4,4,2,2,2,2
26,No,Travel_Rarely,Sales,1,Life Sciences,3,Male,57,3,2,Sales Executive,3,5296,20156,1,No,17,3,8,3,8,7,7,7
42,No,Travel_Rarely,Research & Development,2,Other,1,Male,98,2,2,Healthcare Representative,4,6781,17078,3,No,23,4,14,3,1,0,0,0
21,Yes,Travel_Frequently,Sales,1,Technical Degree,1,Female,99,2,1,Sales Representative,2,2174,9150,1,Yes,11,3,3,3,3,2,1,2
36,No,Non-Travel,Sales,1,Medical,4,Female,45,3,2,Sales Executive,4,6653,15276,4,No,15,3,7,3,1,0,0,0
36,No,Travel_Frequently,Sales,3,Medical,1,Male,48,2,3,Sales Executive,4,9699,7246,4,No,11,3,16,3,13,9,1,12
57,No,Travel_Rarely,Research & Development,1,Medical,4,Male,88,3,2,Healthcare Representative,3,6755,2967,2,No,11,3,15,3,3,2,1,2
40,No,Travel_Rarely,Research & Development,10,Life Sciences,4,Female,46,4,1,Laboratory Technician,3,2213,22495,3,Yes,13,3,10,3,7,7,1,7
21,No,Non-Travel,Sales,9,Medical,1,Male,39,3,1,Sales Representative,4,2610,2851,1,No,24,4,3,2,3,2,2,2
33,Yes,Travel_Rarely,Sales,5,Marketing,4,Female,34,3,1,Sales Representative,3,2851,9150,1,Yes,13,3,1,3,1,0,0,0
37,No,Travel_Rarely,Research & Development,10,Medical,3,Female,98,3,1,Laboratory Technician,1,3452,17663,6,No,20,4,17,3,5,4,0,3
46,No,Non-Travel,Research & Development,7,Medical,3,Female,30,3,2,Manufacturing Director,3,5258,16044,2,No,14,3,7,4,1,0,0,0
41,Yes,Travel_Frequently,Sales,4,Marketing,1,Male,56,3,2,Sales Executive,2,9355,9558,1,No,18,3,8,3,8,7,7,7
50,No,Travel_Rarely,Research & Development,10,Technical Degree,4,Male,100,2,3,Healthcare Representative,4,10496,2755,6,No,15,3,20,3,4,3,1,3
40,Yes,Travel_Rarely,Sales,22,Marketing,3,Male,68,2,2,Sales Executive,3,6380,6110,2,Yes,12,3,8,3,6,4,1,0
31,No,Travel_Rarely,Research & Development,9,Life Sciences,3,Male,42,2,1,Research Scientist,2,2657,7551,0,Yes,16,3,3,3,2,2,2,2
21,Yes,Travel_Rarely,Sales,12,Life Sciences,3,Female,90,4,1,Sales Representative,2,2716,25422,1,No,15,3,1,3,1,0,0,0
29,No,Travel_Rarely,Research & Development,23,Life Sciences,4,Male,54,3,1,Research Scientist,4,2201,18168,9,No,16,3,6,3,3,2,1,2
35,No,Travel_Rarely,Research & Development,9,Life Sciences,3,Male,97,2,2,Healthcare Representative,2,6540,19394,9,No,19,3,10,3,1,1,0,0
27,No,Travel_Rarely,Research & Development,1,Medical,4,Male,82,3,1,Laboratory Technician,2,3816,17881,1,No,11,3,5,3,5,2,0,4
28,No,Travel_Rarely,Sales,9,Life Sciences,2,Male,92,3,2,Sales Executive,4,5253,20750,1,No,16,3,7,3,7,5,0,7
49,No,Travel_Rarely,Research & Development,7,Other,2,Male,31,2,3,Healthcare Representative,3,10965,12066,8,No,24,4,26,3,5,2,0,0
51,No,Travel_Rarely,Sales,14,Life Sciences,3,Female,87,3,2,Sales Executive,4,4936,14862,4,No,11,3,18,2,7,7,0,7
36,No,Travel_Rarely,Research & Development,2,Life Sciences,4,Female,96,3,1,Research Scientist,3,2543,11868,4,No,13,3,6,3,2,2,2,2
34,Yes,Non-Travel,Sales,19,Marketing,1,Male,67,4,2,Sales Executive,4,5304,4652,8,Yes,13,3,9,2,5,2,0,4
55,No,Travel_Rarely,Research & Development,2,Life Sciences,3,Female,97,3,4,Manager,4,16659,23258,2,Yes,13,3,30,3,5,4,1,2
24,No,Travel_Rarely,Sales,10,Marketing,4,Female,77,3,2,Sales Executive,3,4260,5915,1,Yes,12,3,5,4,5,2,0,3
30,No,Travel_Rarely,Sales,2,Technical Degree,3,Male,72,3,1,Sales Representative,2,2476,17434,1,No,18,3,1,3,1,0,0,0
26,Yes,Travel_Frequently,Research & Development,3,Technical Degree,3,Male,73,3,1,Research Scientist,1,3102,6582,0,No,22,4,7,3,6,4,0,4
22,No,Travel_Rarely,Research & Development,11,Medical,1,Female,43,3,1,Research Scientist,2,2244,24440,1,No,13,3,2,3,2,1,1,2
36,No,Travel_Rarely,Sales,2,Medical,2,Male,61,2,3,Sales Executive,3,7596,3809,1,No,13,3,10,3,10,9,9,0
30,Yes,Travel_Frequently,Research & Development,4,Technical Degree,3,Male,40,3,1,Research Scientist,4,2285,3427,9,Yes,23,4,3,3,1,0,0,0
37,No,Travel_Rarely,Research & Development,14,Life Sciences,4,Female,95,3,1,Laboratory Technician,1,3034,26914,1,No,12,3,18,2,18,7,12,17
40,No,Travel_Rarely,Sales,2,Marketing,4,Female,46,3,2,Sales Executive,2,5715,22553,7,No,12,3,8,3,5,4,1,3
42,No,Travel_Rarely,Research & Development,1,Life Sciences,2,Female,95,3,1,Laboratory Technician,1,2576,20490,3,No,16,3,8,3,5,2,1,2
37,No,Travel_Rarely,Research & Development,10,Life Sciences,3,Male,49,3,2,Manufacturing Director,2,4197,21123,2,Yes,12,3,18,2,1,0,0,1
43,No,Travel_Rarely,Research & Development,12,Life Sciences,1,Male,59,2,4,Research Director,2,14336,4345,1,No,11,3,25,3,25,10,3,9
40,No,Travel_Rarely,Research & Development,2,Medical,2,Female,78,2,2,Laboratory Technician,3,3448,13436,6,No,22,4,20,3,1,0,0,0
54,No,Travel_Rarely,Research & Development,5,Medical,1,Male,86,3,5,Research Director,1,19406,8509,4,No,11,3,24,2,4,2,1,2
34,No,Non-Travel,Sales,4,Marketing,3,Female,72,3,2,Sales Executive,3,6538,12740,9,No,15,3,6,3,3,2,1,2
31,No,Travel_Rarely,Research & Development,7,Medical,2,Female,31,3,2,Manufacturing Director,1,4306,4156,1,No,12,3,13,1,13,10,3,12
43,No,Travel_Frequently,Research & Development,21,Medical,4,Male,61,3,1,Laboratory Technician,4,2258,15238,7,No,20,4,8,3,3,2,1,2
43,No,Travel_Rarely,Research & Development,8,Other,3,Female,74,3,2,Healthcare Representative,3,4522,2227,4,Yes,14,3,8,3,5,2,0,2
25,No,Travel_Rarely,Sales,4,Life Sciences,2,Female,99,2,2,Sales Executive,4,4487,12090,1,Yes,11,3,5,3,5,4,1,3
37,No,Non-Travel,Research & Development,25,Medical,2,Female,72,3,2,Research Scientist,3,4449,23866,3,Yes,15,3,15,3,13,11,10,7
31,No,Travel_Rarely,Research & Development,1,Life Sciences,4,Male,98,2,1,Laboratory Technician,1,2218,16193,1,No,12,3,4,3,4,2,3,2
39,No,Travel_Frequently,Research & Development,1,Life Sciences,2,Male,52,3,5,Manager,3,19197,8213,1,Yes,14,3,21,3,21,8,1,6
56,No,Travel_Frequently,Sales,6,Life Sciences,3,Female,86,4,4,Sales Executive,1,13212,18256,9,No,11,3,36,2,7,7,7,7
30,No,Travel_Rarely,Sales,12,Technical Degree,2,Female,83,3,2,Sales Executive,3,6577,19558,0,No,11,3,6,3,5,4,4,4
41,No,Travel_Rarely,Sales,1,Marketing,2,Male,49,4,3,Sales Executive,1,8392,19566,1,No,16,3,10,3,10,7,0,7
28,No,Travel_Rarely,Research & Development,17,Medical,3,Male,79,3,2,Laboratory Technician,1,4558,13535,1,No,12,3,10,3,10,0,1,8
25,Yes,Travel_Rarely,Research & Development,3,Medical,1,Male,91,3,1,Laboratory Technician,1,4031,9396,5,No,13,3,6,3,2,2,0,2
52,No,Travel_Rarely,Research & Development,3,Medical,4,Male,39,2,3,Manufacturing Director,3,7969,19609,2,Yes,14,3,28,3,5,4,0,4
45,No,Travel_Rarely,Research & Development,10,Life Sciences,1,Male,69,3,1,Research Scientist,4,2654,9655,3,No,21,4,8,2,2,2,0,2
52,No,Travel_Rarely,Research & Development,4,Life Sciences,4,Female,30,3,4,Manager,4,16555,10310,2,No,13,3,31,1,5,2,1,4
42,No,Travel_Frequently,Research & Development,29,Life Sciences,1,Female,92,3,2,Research Scientist,3,4556,12932,2,No,11,3,19,3,5,4,0,2
30,No,Travel_Rarely,Research & Development,2,Life Sciences,3,Female,43,1,2,Manufacturing Director,4,6091,24793,2,No,20,4,11,3,5,4,0,2
60,No,Travel_Rarely,Research & Development,7,Life Sciences,1,Female,41,3,5,Manager,1,19566,3854,5,No,11,3,33,1,29,8,11,10
46,No,Travel_Rarely,Research & Development,18,Medical,3,Female,87,3,2,Manufacturing Director,3,4810,26314,2,No,14,3,19,2,10,7,0,8
42,No,Travel_Frequently,Research & Development,28,Technical Degree,4,Female,88,2,2,Healthcare Representative,4,4523,4386,0,No,11,3,7,4,6,5,0,4
24,Yes,Travel_Rarely,Sales,1,Technical Degree,1,Female,62,3,1,Sales Representative,2,3202,21972,1,Yes,16,3,6,3,5,3,1,4
34,Yes,Travel_Frequently,Sales,6,Marketing,4,Female,33,1,1,Sales Representative,3,2351,12253,0,No,16,3,3,2,2,2,1,0
38,No,Travel_Frequently,Research & Development,2,Life Sciences,4,Male,42,3,1,Laboratory Technician,4,1702,12106,1,Yes,23,4,1,3,1,0,0,0
40,No,Travel_Rarely,Sales,2,Life Sciences,3,Female,79,3,5,Manager,3,18041,13022,0,No,14,3,21,3,20,15,1,12
26,No,Travel_Rarely,Research & Development,23,Life Sciences,1,Female,90,3,1,Research Scientist,4,2886,3032,1,No,22,4,3,1,3,2,0,2
30,No,Non-Travel,Research & Development,3,Life Sciences,3,Male,53,3,1,Laboratory Technician,4,2097,16734,4,No,15,3,9,1,5,3,1,4
29,No,Travel_Rarely,Research & Development,3,Medical,2,Male,93,2,3,Research Director,3,11935,21526,1,No,18,3,10,3,10,2,0,7
29,Yes,Travel_Rarely,Research & Development,25,Technical Degree,3,Female,71,2,1,Research Scientist,2,2546,18300,5,No,16,3,6,4,2,2,1,1
19,Yes,Travel_Rarely,Human Resources,2,Technical Degree,1,Male,52,2,1,Human Resources,4,2564,18437,1,No,12,3,1,4,1,0,0,0
30,No,Non-Travel,Sales,22,Other,3,Female,69,3,3,Sales Executive,1,8412,2890,0,No,11,3,10,3,9,8,7,8
57,No,Travel_Rarely,Sales,29,Marketing,1,Male,56,2,4,Manager,4,14118,22102,3,No,12,3,32,2,1,0,0,0
50,No,Travel_Rarely,Research & Development,29,Life Sciences,2,Male,88,2,4,Manager,3,17046,9314,0,No,15,3,28,3,27,10,15,7
30,No,Non-Travel,Research & Development,2,Medical,3,Female,49,3,1,Laboratory Technician,4,2564,7181,0,No,14,3,12,2,11,7,6,7
60,No,Travel_Frequently,Sales,28,Marketing,3,Female,80,2,3,Sales Executive,1,10266,2845,4,No,19,3,22,4,18,13,13,11
47,No,Travel_Rarely,Research & Development,2,Medical,1,Female,65,3,2,Manufacturing Director,4,5070,7389,5,No,13,3,20,3,5,0,0,4
46,No,Travel_Rarely,Research & Development,2,Life Sciences,1,Male,51,3,4,Research Director,3,17861,2288,6,No,13,3,26,1,3,2,0,1
35,No,Travel_Rarely,Research & Development,22,Life Sciences,4,Male,46,1,1,Laboratory Technician,3,4230,19225,0,No,15,3,6,3,5,4,4,3
54,No,Travel_Rarely,Research & Development,8,Life Sciences,3,Female,42,3,2,Laboratory Technician,3,3780,23428,7,No,11,3,19,3,1,0,0,0
34,No,Travel_Rarely,Research & Development,2,Life Sciences,4,Male,62,2,1,Research Scientist,3,2768,8416,3,No,12,3,14,3,7,3,5,7
46,No,Travel_Rarely,Sales,10,Marketing,3,Female,94,2,3,Sales Executive,4,9071,11563,2,Yes,19,3,15,3,3,2,1,2
31,No,Travel_Rarely,Research & Development,9,Life Sciences,3,Male,33,3,3,Manufacturing Director,2,10648,14394,1,No,25,4,13,4,13,8,0,8
33,Yes,Travel_Rarely,Research & Development,15,Medical,2,Male,56,3,3,Manager,3,13610,24619,7,Yes,12,3,15,4,7,6,7,7
33,Yes,Travel_Rarely,Research & Development,10,Medical,1,Male,38,1,1,Laboratory Technician,4,3408,6705,7,No,13,3,8,3,4,3,1,3
30,No,Travel_Rarely,Sales,7,Marketing,4,Male,57,3,1,Sales Representative,2,2983,18398,0,No,14,3,4,3,3,2,1,2
35,No,Travel_Rarely,Research & Development,16,Life Sciences,4,Male,72,3,3,Healthcare Representative,3,7632,14295,4,Yes,12,3,10,3,8,7,0,0
31,Yes,Travel_Frequently,Research & Development,20,Life Sciences,1,Male,66,3,3,Healthcare Representative,3,9824,22908,3,No,12,3,12,3,1,0,0,0
34,Yes,Travel_Frequently,Human Resources,23,Human Resources,2,Female,43,3,3,Human Resources,1,9950,11533,9,Yes,15,3,11,3,3,2,0,2
42,No,Travel_Frequently,Research & Development,5,Other,2,Male,97,3,1,Laboratory Technician,3,2093,9260,4,No,17,3,8,3,2,2,2,0
36,No,Non-Travel,Sales,10,Medical,2,Male,32,3,3,Sales Executive,4,9980,15318,1,No,14,3,10,2,10,3,9,7
22,Yes,Travel_Frequently,Research & Development,4,Technical Degree,3,Male,99,2,1,Laboratory Technician,3,3894,9129,5,No,16,3,4,3,2,2,1,2
48,No,Travel_Rarely,Sales,2,Marketing,2,Female,37,3,2,Sales Executive,4,4051,19658,2,No,14,3,14,3,9,7,6,7
55,No,Travel_Rarely,Sales,18,Life Sciences,1,Female,83,3,4,Manager,2,16835,9873,3,No,23,4,37,3,10,9,7,7
41,No,Non-Travel,Sales,10,Life Sciences,4,Male,56,3,2,Sales Executive,4,6230,13430,7,No,14,3,16,3,14,3,1,10
35,No,Travel_Rarely,Sales,1,Marketing,2,Male,85,3,2,Sales Executive,3,4717,18659,9,No,11,3,15,3,11,9,6,9
40,No,Travel_Rarely,Research & Development,6,Life Sciences,2,Female,75,3,4,Manufacturing Director,3,13237,20364,7,No,15,3,22,3,20,6,5,13
39,No,Travel_Frequently,Research & Development,8,Life Sciences,3,Female,48,3,1,Laboratory Technician,3,3755,17872,1,No,11,3,8,3,8,3,0,7
31,No,Travel_Rarely,Sales,2,Life Sciences,2,Male,77,3,2,Sales Executive,4,6582,8346,4,Yes,13,3,10,4,6,5,0,5
42,No,Travel_Rarely,Research & Development,24,Medical,4,Male,56,3,3,Manufacturing Director,1,7406,6950,1,Yes,21,4,10,2,10,9,5,8
45,No,Travel_Rarely,Sales,2,Other,4,Male,61,3,2,Sales Executive,2,4805,16177,0,No,19,3,9,4,8,7,3,7
26,Yes,Travel_Frequently,Human Resources,17,Life Sciences,2,Female,58,3,1,Human Resources,3,2741,22808,0,Yes,11,3,8,2,7,7,1,0
29,No,Travel_Rarely,Research & Development,19,Technical Degree,4,Male,34,3,2,Manufacturing Director,4,4262,22645,4,No,12,3,8,4,3,2,1,2
33,No,Travel_Rarely,Research & Development,1,Medical,1,Female,95,4,4,Research Director,3,16184,22578,4,No,19,3,10,3,6,1,0,5
31,No,Travel_Rarely,Sales,7,Life Sciences,3,Male,44,2,3,Manager,4,11557,25291,9,No,21,4,10,2,5,4,0,1
18,Yes,Travel_Frequently,Sales,5,Marketing,2,Male,69,3,1,Sales Representative,2,1878,8059,1,Yes,14,3,0,3,0,0,0,0
40,No,Non-Travel,Sales,28,Other,3,Male,58,1,3,Sales Executive,1,10932,11373,3,No,15,3,20,3,1,0,0,1
41,No,Non-Travel,Research & Development,2,Other,1,Female,62,2,2,Healthcare Representative,3,6811,2112,2,Yes,17,3,10,3,8,7,0,7
26,No,Travel_Rarely,Sales,29,Medical,1,Male,45,3,2,Sales Executive,3,4306,4267,5,No,12,3,8,3,0,0,0,0
35,No,Travel_Rarely,Sales,1,Medical,1,Female,80,3,2,Sales Executive,3,4859,6698,1,No,16,3,5,3,5,4,0,3
34,No,Travel_Rarely,Sales,21,Life Sciences,4,Male,74,4,2,Sales Executive,4,5337,19921,1,No,12,3,10,3,10,7,5,7
26,Yes,Travel_Rarely,Research & Development,24,Technical Degree,3,Male,66,1,1,Laboratory Technician,4,2340,23213,1,Yes,18,3,1,1,1,0,0,0
37,No,Travel_Rarely,Research & Development,1,Technical Degree,2,Female,59,3,3,Manufacturing Director,4,7491,23848,4,No,17,3,12,4,6,5,1,2
46,No,Travel_Frequently,Research & Development,18,Medical,1,Female,86,3,3,Healthcare Representative,3,10527,8984,5,No,11,3,28,2,2,2,1,2
41,No,Travel_Rarely,Sales,2,Life Sciences,2,Female,91,3,4,Manager,1,16595,5626,7,No,16,3,22,3,18,16,11,8
37,No,Non-Travel,Sales,9,Medical,1,Male,69,3,3,Sales Executive,2,8834,24666,1,No,13,3,9,3,9,5,7,7
52,No,Travel_Rarely,Research & Development,6,Technical Degree,4,Male,78,3,2,Research Scientist,1,5577,22087,3,Yes,12,3,18,3,10,9,6,9
32,Yes,Non-Travel,Sales,11,Other,4,Male,60,4,2,Sales Executive,3,4707,23914,8,No,12,3,6,3,4,2,1,2
24,No,Travel_Frequently,Sales,24,Medical,4,Male,38,3,1,Sales Representative,4,2400,5530,0,No,13,3,3,3,2,2,2,1
38,No,Travel_Rarely,Research & Development,10,Medical,3,Female,76,3,2,Healthcare Representative,3,9824,22174,3,No,19,3,18,3,1,0,0,0
37,No,Travel_Rarely,Research & Development,1,Life Sciences,2,Female,65,3,2,Manufacturing Director,2,6447,15701,6,No,12,3,8,2,6,5,4,3
49,No,Travel_Rarely,Research & Development,18,Life Sciences,4,Male,58,2,5,Research Director,3,19502,2125,1,Yes,17,3,31,3,31,9,0,9
24,No,Travel_Rarely,Research & Development,23,Medical,2,Male,89,4,1,Research Scientist,4,2725,21630,1,Yes,11,3,6,3,6,5,1,4
26,No,Travel_Rarely,Sales,28,Marketing,1,Male,66,3,2,Sales Executive,2,6272,7428,1,No,20,4,6,4,5,3,1,4
24,No,Travel_Rarely,Research & Development,17,Other,4,Male,94,2,1,Laboratory Technician,2,2127,9100,1,No,21,4,1,3,1,0,0,0
50,No,Travel_Frequently,Human Resources,3,Medical,1,Male,99,3,5,Manager,2,18200,7999,1,No,11,3,32,3,32,5,10,7
25,No,Travel_Rarely,Sales,13,Medical,2,Male,40,3,1,Sales Representative,3,2096,26376,1,No,11,3,7,3,7,4,0,6
24,Yes,Travel_Frequently,Research & Development,7,Life Sciences,1,Female,55,3,1,Laboratory Technician,3,2886,14168,1,Yes,16,3,6,3,6,3,1,2
30,Yes,Travel_Frequently,Sales,12,Life Sciences,2,Male,74,2,1,Sales Representative,1,2033,14470,1,No,18,3,1,4,1,0,0,0
34,No,Travel_Rarely,Research & Development,1,Life Sciences,2,Male,83,2,1,Research Scientist,4,3622,22794,1,Yes,13,3,6,3,6,5,1,3
31,Yes,Travel_Rarely,Sales,13,Medical,2,Male,46,3,2,Sales Executive,1,4233,11512,2,No,17,3,9,1,3,1,1,2
35,No,Travel_Rarely,Research & Development,25,Other,1,Male,54,2,2,Laboratory Technician,4,3681,14004,4,No,14,3,9,3,3,2,0,2
31,No,Travel_Rarely,Sales,6,Medical,1,Male,66,4,2,Sales Executive,4,5460,6219,4,No,22,4,13,4,7,7,5,7
27,No,Travel_Rarely,Research & Development,6,Medical,1,Female,66,2,1,Research Scientist,3,2187,5013,0,No,12,3,6,2,5,3,0,3
37,No,Travel_Rarely,Sales,2,Marketing,4,Male,75,3,2,Sales Executive,3,9602,3010,4,Yes,11,3,17,2,3,0,1,0
20,No,Travel_Rarely,Research & Development,1,Life Sciences,4,Female,83,2,1,Research Scientist,2,2836,11757,1,No,13,3,1,4,1,0,0,0
42,No,Travel_Rarely,Research & Development,2,Life Sciences,3,Female,81,3,2,Healthcare Representative,4,4089,5718,1,No,13,3,10,3,10,2,2,2
43,No,Travel_Rarely,Research & Development,6,Other,2,Male,50,2,4,Research Director,4,16627,2671,4,Yes,14,3,21,2,1,0,0,0
38,No,Travel_Rarely,Research & Development,1,Life Sciences,3,Female,43,3,1,Research Scientist,1,2619,14561,3,No,17,3,8,2,0,0,0,0
43,No,Travel_Frequently,Research & Development,9,Medical,4,Male,72,3,2,Laboratory Technician,3,5679,19627,3,Yes,13,3,10,3,8,7,4,7
48,No,Travel_Rarely,Research & Development,1,Life Sciences,4,Female,40,2,4,Manager,1,15402,17997,7,No,11,3,21,1,3,2,0,2
44,No,Travel_Rarely,Human Resources,1,Life Sciences,1,Female,50,2,2,Human Resources,3,5985,26894,4,No,11,3,10,4,2,2,0,2
34,No,Travel_Rarely,Sales,14,Technical Degree,3,Female,31,3,1,Sales Representative,3,2579,2912,1,Yes,18,3,8,3,8,2,0,6
27,Yes,Travel_Rarely,Sales,2,Marketing,3,Male,85,3,1,Sales Representative,1,3041,16346,0,No,11,3,5,3,4,3,0,2
21,No,Travel_Rarely,Sales,22,Technical Degree,3,Male,49,3,1,Sales Representative,3,3447,24444,1,No,11,3,3,3,3,2,1,2
44,No,Travel_Rarely,Research & Development,3,Other,4,Male,35,3,5,Manager,4,19513,9358,4,Yes,12,3,26,4,2,2,0,1
22,No,Travel_Rarely,Research & Development,6,Medical,1,Male,69,3,1,Research Scientist,3,2773,12145,0,No,20,4,3,3,2,2,2,2
33,No,Travel_Rarely,Sales,8,Marketing,3,Male,39,3,2,Sales Executive,3,7104,20431,0,No,12,3,6,3,5,0,1,2
32,No,Travel_Rarely,Research & Development,9,Life Sciences,1,Female,92,3,2,Research Scientist,4,6322,18089,1,Yes,12,3,6,2,6,4,0,5
30,No,Travel_Frequently,Research & Development,3,Medical,3,Female,71,3,1,Research Scientist,3,2083,22653,1,No,20,4,1,3,1,0,0,0
53,No,Travel_Rarely,Sales,1,Medical,4,Female,34,3,2,Sales Executive,1,8381,7507,7,No,20,4,18,4,14,7,8,10
34,No,Travel_Rarely,Research & Development,1,Life Sciences,2,Male,42,3,1,Research Scientist,4,2691,7660,1,No,12,3,10,2,10,9,8,8
45,Yes,Travel_Frequently,Sales,26,Life Sciences,1,Female,100,3,2,Sales Executive,1,4286,5630,2,No,14,3,5,3,1,1,0,0
26,No,Travel_Rarely,Research & Development,6,Life Sciences,3,Female,71,3,1,Laboratory Technician,4,2659,17759,1,Yes,13,3,3,3,3,2,0,2
37,No,Travel_Rarely,Research & Development,3,Other,3,Male,36,3,3,Manufacturing Director,3,9434,9606,1,No,15,3,10,3,10,7,7,8
29,No,Travel_Rarely,Sales,3,Medical,2,Female,62,3,2,Sales Executive,3,5561,3487,1,No,14,3,6,2,6,0,1,2
35,No,Travel_Rarely,Research & Development,6,Life Sciences,2,Male,82,1,2,Research Scientist,4,6646,19368,1,No,13,3,17,3,17,11,11,8
33,No,Travel_Frequently,Research & Development,6,Life Sciences,3,Male,30,3,2,Healthcare Representative,4,7725,5335,3,No,23,4,15,1,13,11,4,7
54,No,Travel_Rarely,Human Resources,19,Medical,3,Male,88,3,3,Human Resources,2,10725,6729,2,No,15,3,16,4,9,7,7,1
36,No,Travel_Rarely,Research & Development,9,Medical,2,Male,48,2,2,Manufacturing Director,2,8847,13934,2,Yes,11,3,13,3,3,2,0,2
27,No,Travel_Rarely,Research & Development,3,Medical,1,Male,54,2,1,Research Scientist,4,2045,15174,0,No,13,3,5,3,4,2,1,1
20,Yes,Travel_Rarely,Research & Development,10,Medical,4,Male,32,3,1,Research Scientist,3,1009,26999,1,Yes,11,3,1,3,1,0,1,1
33,Yes,Travel_Frequently,Research & Development,3,Life Sciences,1,Male,70,3,1,Research Scientist,1,3348,3164,1,Yes,11,3,10,3,10,8,9,7
35,No,Non-Travel,Research & Development,3,Life Sciences,3,Male,41,2,1,Laboratory Technician,3,1281,16900,1,No,18,3,1,3,1,0,0,0
23,No,Travel_Rarely,Research & Development,4,Medical,1,Male,58,4,1,Research Scientist,1,2819,8544,2,No,16,3,5,4,3,2,0,2
25,No,Travel_Rarely,Sales,8,Life Sciences,4,Male,57,4,2,Sales Executive,2,4851,15678,0,No,22,4,4,3,3,2,1,2
38,No,Travel_Rarely,Sales,7,Marketing,4,Female,46,2,2,Sales Executive,4,4028,7791,0,No,20,4,8,3,7,7,0,5
29,No,Travel_Frequently,Research & Development,1,Life Sciences,2,Male,76,1,1,Research Scientist,4,2720,18959,1,No,18,3,10,3,10,7,2,8
48,No,Travel_Rarely,Sales,2,Marketing,2,Male,56,4,2,Sales Executive,2,8120,18597,3,No,12,3,12,3,2,2,2,2
27,No,Travel_Frequently,Sales,3,Medical,4,Female,71,4,2,Sales Executive,4,4647,16673,1,Yes,20,4,6,3,6,5,0,4
37,No,Travel_Rarely,Research & Development,10,Life Sciences,4,Male,80,4,1,Research Scientist,4,4680,15232,3,No,17,3,4,3,1,0,0,0
50,No,Travel_Rarely,Research & Development,28,Medical,4,Male,74,4,1,Laboratory Technician,3,3221,3297,1,Yes,11,3,20,3,20,8,3,8
34,No,Travel_Rarely,Research & Development,9,Medical,4,Female,46,2,3,Healthcare Representative,2,8621,17654,1,No,14,3,9,4,8,7,7,7
24,Yes,Travel_Rarely,Sales,3,Life Sciences,1,Female,65,3,2,Sales Executive,3,4577,24785,9,No,14,3,4,3,2,2,2,0
39,No,Travel_Rarely,Research & Development,2,Technical Degree,4,Female,80,2,2,Healthcare Representative,3,4553,20978,1,No,11,3,20,3,20,7,11,10
32,No,Travel_Rarely,Sales,10,Marketing,4,Male,55,3,2,Sales Executive,4,5396,21703,1,No,12,3,10,2,10,7,0,8
50,Yes,Travel_Frequently,Sales,8,Technical Degree,2,Male,50,3,2,Sales Executive,3,6796,23452,3,Yes,14,3,18,3,4,3,1,3
38,No,Travel_Rarely,Research & Development,1,Life Sciences,2,Female,33,4,2,Healthcare Representative,4,7625,19383,0,No,13,3,10,2,9,7,1,8
27,No,Travel_Rarely,Research & Development,1,Life Sciences,3,Female,68,3,3,Manufacturing Director,1,7412,6009,1,No,11,3,9,3,9,7,0,7
32,No,Travel_Rarely,Research & Development,3,Life Sciences,3,Female,39,3,3,Research Director,4,11159,19373,3,No,15,3,10,3,7,7,7,7
47,No,Travel_Rarely,Sales,14,Marketing,4,Male,42,3,2,Sales Executive,1,4960,11825,2,No,12,3,20,3,7,7,1,7
40,No,Travel_Frequently,Sales,5,Life Sciences,4,Male,48,2,3,Sales Executive,1,10475,23772,5,Yes,21,4,20,3,18,13,1,12
53,No,Travel_Rarely,Research & Development,7,Life Sciences,3,Male,59,4,4,Research Director,3,14814,13514,3,No,19,3,32,3,5,1,1,3
41,No,Travel_Rarely,Human Resources,10,Human Resources,2,Male,73,2,5,Manager,4,19141,8861,3,No,15,3,23,2,21,6,12,6
60,No,Travel_Rarely,Sales,16,Marketing,1,Male,84,3,2,Sales Executive,1,5405,11924,8,No,14,3,10,3,2,2,2,2
27,No,Travel_Frequently,Research & Development,10,Life Sciences,4,Male,32,3,3,Manufacturing Director,1,8793,4809,1,No,21,4,9,2,9,7,1,7
41,No,Travel_Rarely,Human Resources,1,Human Resources,4,Male,59,2,5,Manager,3,19189,19562,1,No,12,3,22,3,22,7,2,10
50,No,Travel_Rarely,Sales,8,Marketing,4,Male,54,3,1,Sales Representative,2,3875,9983,7,No,15,3,4,3,2,2,2,2
28,Yes,Travel_Rarely,Research & Development,1,Life Sciences,1,Female,67,1,1,Research Scientist,2,2216,3872,7,Yes,13,3,10,3,7,7,3,7
36,No,Non-Travel,Research & Development,8,Life Sciences,1,Female,63,4,3,Research Director,1,11713,20335,9,No,14,3,10,3,8,7,0,5
38,No,Travel_Rarely,Research & Development,1,Life Sciences,3,Female,81,3,3,Manufacturing Director,3,7861,15397,4,Yes,14,3,10,4,1,0,0,0
44,No,Non-Travel,Research & Development,24,Medical,1,Male,49,1,1,Laboratory Technician,3,3708,2104,2,No,14,3,9,3,5,2,1,4
47,No,Travel_Frequently,Sales,3,Medical,4,Female,49,3,4,Sales Executive,3,13770,10225,9,Yes,12,3,28,2,22,2,11,13
30,No,Travel_Rarely,Sales,27,Marketing,3,Male,99,3,2,Sales Executive,4,5304,25275,7,No,23,4,10,2,8,7,7,7
29,No,Travel_Rarely,Sales,10,Life Sciences,3,Male,99,3,1,Sales Representative,3,2642,2755,1,No,11,3,1,3,1,0,0,0
42,Yes,Travel_Frequently,Research & Development,19,Medical,3,Male,57,4,1,Research Scientist,3,2759,20366,6,Yes,12,3,7,3,2,2,2,2
43,No,Travel_Frequently,Sales,15,Life Sciences,4,Male,47,2,2,Sales Executive,4,6804,23683,3,No,18,3,7,3,2,2,2,2
34,No,Travel_Rarely,Research & Development,8,Medical,2,Female,96,3,2,Healthcare Representative,3,6142,7360,3,No,11,3,10,3,5,1,4,3
23,No,Travel_Rarely,Research & Development,9,Medical,2,Male,37,3,1,Laboratory Technician,1,2500,4344,1,No,14,3,5,4,4,3,0,2
39,No,Travel_Rarely,Human Resources,3,Human Resources,3,Female,44,4,2,Human Resources,2,6389,18767,9,No,15,3,12,1,8,3,3,6
56,No,Travel_Rarely,Research & Development,9,Medical,3,Male,81,3,4,Healthcare Representative,4,11103,20420,7,No,11,3,30,2,10,7,1,1
40,No,Travel_Rarely,Research & Development,2,Medical,4,Female,86,2,1,Research Scientist,4,2342,22929,0,Yes,20,4,5,2,4,2,2,3
27,No,Travel_Rarely,Research & Development,7,Medical,4,Female,55,2,2,Healthcare Representative,1,6811,23398,8,No,19,3,9,1,7,6,0,7
29,No,Travel_Rarely,Sales,10,Marketing,4,Male,83,3,1,Sales Representative,2,2297,17967,1,No,14,3,2,3,2,2,2,2
53,No,Travel_Rarely,Research & Development,6,Life Sciences,4,Male,86,3,2,Laboratory Technician,4,2450,10919,2,No,17,3,19,3,2,2,2,2
35,No,Non-Travel,Research & Development,2,Life Sciences,4,Female,61,3,2,Healthcare Representative,1,5093,4761,2,No,11,3,16,4,1,0,0,0
32,No,Travel_Frequently,Research & Development,24,Life Sciences,1,Male,80,3,2,Laboratory Technician,4,5309,21146,1,No,15,3,10,3,10,8,4,7
38,No,Travel_Rarely,Research & Development,2,Medical,4,Male,92,3,1,Research Scientist,3,3057,20471,6,Yes,13,3,6,1,1,0,0,1
34,No,Travel_Rarely,Research & Development,8,Life Sciences,2,Female,32,3,2,Manufacturing Director,1,5121,4187,3,No,14,3,7,3,0,0,0,0
52,No,Travel_Rarely,Sales,3,Marketing,3,Male,31,2,4,Manager,1,16856,10084,1,No,11,3,34,4,34,6,1,16
33,Yes,Travel_Rarely,Research & Development,1,Other,4,Male,63,3,1,Research Scientist,4,2686,5207,1,Yes,13,3,10,2,10,9,7,8
25,No,Travel_Rarely,Sales,26,Medical,3,Female,32,3,2,Sales Executive,4,6180,22807,1,No,23,4,6,2,6,5,1,4
45,No,Travel_Rarely,Sales,2,Technical Degree,2,Male,46,1,2,Sales Representative,3,6632,12388,0,No,13,3,9,3,8,7,3,1
23,No,Travel_Rarely,Research & Development,10,Medical,1,Male,79,4,1,Research Scientist,3,3505,19630,1,No,18,3,2,3,2,2,0,2
47,Yes,Travel_Frequently,Sales,27,Life Sciences,2,Female,77,4,2,Sales Executive,3,6397,10339,4,Yes,12,3,8,3,5,4,1,3
34,No,Travel_Rarely,Sales,2,Other,4,Male,60,3,2,Sales Executive,4,6274,18686,1,No,22,4,6,3,6,5,1,4
55,Yes,Travel_Rarely,Research & Development,2,Medical,4,Male,78,3,5,Manager,1,19859,21199,5,Yes,13,3,24,3,5,2,1,4
36,No,Non-Travel,Sales,8,Life Sciences,1,Male,76,2,3,Sales Executive,1,7587,14229,1,No,15,3,10,3,10,7,0,9
52,No,Non-Travel,Research & Development,19,Medical,4,Male,41,3,1,Research Scientist,4,4258,26589,0,No,18,3,5,3,4,3,1,2
26,No,Travel_Frequently,Research & Development,1,Life Sciences,1,Female,71,1,1,Laboratory Technician,4,4364,5288,3,No,14,3,5,3,2,2,2,0
29,No,Travel_Rarely,Research & Development,27,Medical,2,Female,66,3,2,Healthcare Representative,3,4335,25549,4,No,12,3,11,2,8,7,1,1
26,Yes,Travel_Rarely,Sales,8,Technical Degree,4,Male,38,2,2,Sales Executive,1,5326,3064,6,No,17,3,6,2,4,3,1,2
34,No,Travel_Rarely,Research & Development,1,Life Sciences,2,Female,72,4,1,Research Scientist,4,3280,13551,2,No,16,3,10,3,4,2,1,3
54,No,Travel_Rarely,Research & Development,19,Medical,4,Female,95,3,2,Manufacturing Director,1,5485,22670,9,Yes,11,3,9,3,5,3,1,4
27,No,Travel_Frequently,Sales,8,Marketing,3,Male,84,3,2,Sales Executive,4,4342,24008,0,No,19,3,5,3,4,2,1,1
37,No,Travel_Rarely,Research & Development,10,Life Sciences,4,Female,82,3,1,Research Scientist,1,2782,19905,0,Yes,13,3,6,2,5,3,4,3
38,No,Travel_Frequently,Research & Development,2,Life Sciences,1,Female,75,4,2,Manufacturing Director,1,5980,26085,6,Yes,12,3,17,3,15,7,4,12
34,No,Travel_Rarely,Research & Development,2,Medical,3,Female,86,2,1,Research Scientist,1,4381,7530,1,No,11,3,6,3,6,5,1,3
35,No,Travel_Rarely,Sales,8,Life Sciences,1,Female,72,3,1,Sales Representative,4,2572,20317,1,No,16,3,3,2,3,2,0,2
30,No,Travel_Rarely,Research & Development,1,Life Sciences,4,Male,38,1,1,Laboratory Technician,3,3833,24375,3,No,21,4,7,3,2,2,0,2
40,No,Travel_Frequently,Research & Development,2,Medical,3,Female,38,4,2,Healthcare Representative,2,4244,9931,1,No,24,4,8,3,8,7,3,7
34,No,Travel_Rarely,Sales,8,Life Sciences,3,Female,93,3,2,Sales Executive,1,6500,13305,5,No,17,3,6,3,3,2,1,2
42,No,Travel_Frequently,Research & Development,8,Life Sciences,2,Male,66,3,5,Manager,4,18430,16225,1,No,13,3,24,2,24,7,14,9
23,Yes,Travel_Rarely,Research & Development,6,Life Sciences,3,Male,63,4,1,Laboratory Technician,1,1601,3445,1,Yes,21,4,1,3,0,0,0,0
24,No,Non-Travel,Research & Development,9,Life Sciences,3,Male,60,2,1,Laboratory Technician,2,2694,26551,1,No,11,3,1,3,1,0,0,0
52,No,Travel_Rarely,Research & Development,11,Life Sciences,4,Female,82,3,2,Laboratory Technician,3,3149,21821,8,No,20,4,9,3,5,2,1,4
50,No,Travel_Rarely,Research & Development,2,Medical,3,Male,64,3,4,Research Director,3,17639,6881,5,No,16,3,30,3,4,3,0,3
29,Yes,Travel_Rarely,Research & Development,1,Life Sciences,2,Female,36,2,1,Laboratory Technician,1,2319,6689,1,Yes,11,3,1,3,1,0,0,0
33,No,Travel_Rarely,Research & Development,7,Medical,3,Male,49,3,3,Research Director,3,11691,25995,0,No,11,3,14,4,13,9,3,7
33,Yes,Travel_Rarely,Sales,16,Marketing,1,Female,69,3,2,Sales Executive,1,5324,26507,5,No,15,3,6,3,3,2,0,2
47,No,Travel_Rarely,Research & Development,2,Other,3,Female,33,3,4,Manager,4,16752,12982,1,Yes,11,3,26,2,26,14,3,0
36,No,Travel_Rarely,Research & Development,1,Other,3,Female,35,3,2,Manufacturing Director,2,5228,23361,0,No,15,3,10,3,9,7,0,5
29,No,Travel_Rarely,Research & Development,23,Life Sciences,3,Male,81,4,1,Research Scientist,3,2700,23779,1,No,24,4,10,3,10,7,0,7
58,Yes,Travel_Rarely,Research & Development,2,Life Sciences,4,Male,31,3,5,Research Director,2,19246,25761,7,Yes,12,3,40,3,31,15,13,8
35,No,Travel_Rarely,Research & Development,1,Life Sciences,4,Female,40,4,1,Research Scientist,3,2506,13301,3,No,13,3,7,3,2,2,2,2
42,No,Travel_Rarely,Research & Development,1,Life Sciences,4,Female,43,2,2,Manufacturing Director,4,6062,4051,9,Yes,13,3,8,3,4,3,0,2
28,Yes,Travel_Rarely,Research & Development,2,Medical,3,Male,46,3,1,Research Scientist,3,4382,16374,6,No,17,3,5,2,2,2,2,1
36,No,Travel_Rarely,Human Resources,13,Human Resources,3,Male,36,3,1,Human Resources,2,2143,25527,4,No,13,3,8,3,5,2,0,4
32,No,Travel_Rarely,Research & Development,4,Life Sciences,3,Female,98,2,2,Manufacturing Director,3,6162,19124,1,No,12,3,14,3,14,13,6,8
40,No,Travel_Frequently,Research & Development,16,Medical,1,Male,51,2,2,Laboratory Technician,3,5094,11983,6,No,14,3,10,3,1,0,0,0
30,No,Travel_Rarely,Research & Development,2,Medical,3,Female,52,2,2,Manufacturing Director,4,6877,20234,5,Yes,24,4,12,2,0,0,0,0
45,No,Travel_Rarely,Research & Development,2,Life Sciences,2,Female,95,2,1,Research Scientist,3,2274,6153,1,No,14,3,1,3,1,0,0,0
42,No,Travel_Rarely,Research & Development,29,Life Sciences,2,Male,98,3,2,Manufacturing Director,2,4434,11806,1,No,13,3,10,2,9,8,7,8
38,No,Travel_Frequently,Research & Development,12,Life Sciences,1,Male,45,2,2,Healthcare Representative,1,6288,4284,2,No,15,3,13,2,4,3,1,2
34,No,Travel_Frequently,Research & Development,16,Life Sciences,3,Female,100,2,1,Research Scientist,4,2553,8306,1,No,16,3,6,3,5,2,1,3
49,Yes,Travel_Rarely,Sales,11,Marketing,3,Female,43,3,3,Sales Executive,4,7654,5860,1,No,18,3,9,4,9,8,7,7
55,Yes,Travel_Rarely,Sales,2,Medical,3,Male,37,3,2,Sales Executive,4,5160,21519,4,No,16,3,12,2,9,7,7,3
43,No,Travel_Rarely,Research & Development,14,Life Sciences,2,Male,94,3,4,Research Director,1,17159,5200,6,No,24,4,22,3,4,1,1,0
27,No,Travel_Rarely,Research & Development,5,Technical Degree,3,Male,42,2,3,Research Director,4,12808,8842,1,Yes,16,3,9,3,9,8,0,8
35,No,Travel_Rarely,Research & Development,7,Other,3,Male,59,3,3,Manufacturing Director,3,10221,18869,3,No,21,4,17,4,8,5,1,6
28,No,Travel_Rarely,Sales,2,Marketing,2,Female,81,3,2,Sales Executive,2,4779,3698,1,Yes,20,4,8,3,8,7,7,5
34,No,Travel_Rarely,Human Resources,3,Human Resources,3,Male,88,3,1,Human Resources,4,3737,2243,0,No,19,3,4,1,3,2,0,2
26,Yes,Travel_Frequently,Research & Development,5,Medical,3,Female,88,2,1,Research Scientist,3,2366,20898,1,Yes,14,3,8,3,8,7,1,7
27,No,Non-Travel,Research & Development,3,Medical,4,Male,50,3,1,Research Scientist,4,1706,16571,1,No,11,3,0,2,0,0,0,0
51,No,Travel_Rarely,Sales,26,Marketing,1,Female,66,3,4,Manager,3,16307,5594,2,No,14,3,29,2,20,6,4,17
44,No,Travel_Rarely,Research & Development,4,Medical,4,Male,50,3,2,Healthcare Representative,2,5933,5197,9,No,12,3,10,2,5,2,2,3
25,No,Travel_Rarely,Research & Development,2,Medical,1,Male,65,4,1,Research Scientist,1,3424,21632,7,No,13,3,6,2,4,3,0,1
33,No,Travel_Rarely,Sales,1,Medical,1,Male,48,4,2,Sales Executive,1,4037,21816,1,No,22,4,9,3,9,8,0,8
35,No,Travel_Rarely,Research & Development,27,Medical,3,Female,53,2,1,Research Scientist,1,2559,17852,1,No,11,3,6,2,6,5,1,1
36,No,Travel_Rarely,Sales,1,Life Sciences,2,Male,56,3,2,Sales Executive,4,6201,2823,1,Yes,14,3,18,2,18,14,4,11
32,No,Travel_Rarely,Sales,13,Life Sciences,2,Male,73,3,2,Sales Executive,4,4403,9250,2,No,11,3,8,2,5,2,0,3
30,No,Travel_Frequently,Research & Development,5,Life Sciences,2,Male,75,2,1,Research Scientist,4,3761,2373,9,No,12,3,10,2,5,4,0,3
53,No,Travel_Rarely,Sales,7,Marketing,1,Female,78,2,3,Sales Executive,4,10934,20715,7,Yes,18,3,35,3,5,2,0,4
45,No,Travel_Rarely,Sales,9,Marketing,4,Male,74,3,3,Sales Executive,1,10761,19239,4,Yes,12,3,18,3,5,4,0,2
32,No,Travel_Rarely,Research & Development,8,Medical,3,Female,91,4,2,Research Scientist,3,5175,22162,5,No,12,3,9,2,5,3,1,3
52,No,Travel_Frequently,Research & Development,25,Medical,3,Female,81,2,4,Manufacturing Director,4,13826,19028,3,No,22,4,31,3,9,8,0,0
37,No,Travel_Rarely,Sales,16,Marketing,4,Male,66,2,2,Sales Executive,3,6334,24558,4,No,19,3,9,3,1,0,0,0
28,No,Travel_Rarely,Human Resources,8,Medical,2,Male,63,2,1,Human Resources,4,4936,23965,1,No,13,3,6,3,5,1,0,4
22,No,Travel_Rarely,Research & Development,1,Life Sciences,4,Male,33,2,2,Manufacturing Director,4,4775,19146,6,No,22,4,4,1,2,2,2,2
44,No,Travel_Rarely,Research & Development,8,Life Sciences,1,Male,62,4,1,Laboratory Technician,4,2818,5044,2,Yes,24,4,10,2,3,2,0,2
42,No,Travel_Frequently,Research & Development,2,Medical,2,Male,35,3,1,Research Scientist,4,2515,9068,5,Yes,14,3,8,3,2,1,2,2
36,No,Travel_Rarely,Human Resources,8,Life Sciences,1,Male,77,2,1,Human Resources,1,2342,8635,0,No,21,4,6,3,5,4,0,3
25,No,Travel_Rarely,Sales,3,Other,3,Male,98,3,2,Sales Executive,1,4194,14363,1,Yes,18,3,5,3,5,3,0,3
35,No,Travel_Rarely,Research & Development,9,Life Sciences,4,Female,66,2,3,Manufacturing Director,3,10685,23457,1,Yes,20,4,17,3,17,14,5,15
35,Yes,Travel_Frequently,Research & Development,25,Life Sciences,4,Female,96,3,1,Research Scientist,2,2022,16612,1,Yes,19,3,10,2,10,2,7,8
32,No,Non-Travel,Research & Development,1,Life Sciences,4,Male,61,3,1,Laboratory Technician,4,2314,9148,0,No,12,3,4,3,3,0,0,2
25,No,Travel_Rarely,Sales,4,Marketing,3,Male,87,2,2,Sales Executive,1,4256,18154,1,No,12,3,5,4,5,2,0,3
49,No,Travel_Rarely,Research & Development,1,Technical Degree,3,Female,36,3,1,Research Scientist,1,3580,10554,2,No,16,3,7,3,4,2,0,2
24,No,Non-Travel,Research & Development,4,Life Sciences,1,Male,46,2,1,Laboratory Technician,4,3162,10778,0,No,17,3,6,2,5,2,3,4
32,No,Travel_Frequently,Sales,5,Life Sciences,2,Male,48,3,2,Sales Executive,2,6524,8891,1,No,14,3,10,3,10,8,5,3
38,No,Travel_Rarely,Sales,9,Marketing,2,Male,98,2,1,Sales Representative,2,2899,12102,0,No,19,3,3,3,2,2,1,2
42,No,Travel_Rarely,Research & Development,3,Life Sciences,3,Female,95,4,2,Laboratory Technician,4,5231,23726,2,Yes,13,3,17,2,5,3,1,3
31,No,Travel_Rarely,Research & Development,11,Life Sciences,4,Male,48,3,1,Research Scientist,4,2356,14871,3,Yes,19,3,8,3,6,4,0,2
29,Yes,Travel_Rarely,Sales,1,Medical,2,Female,48,2,1,Sales Representative,3,2800,23522,6,Yes,19,3,5,3,3,2,0,2
53,No,Travel_Rarely,Sales,8,Marketing,1,Male,73,3,4,Sales Executive,4,11836,22789,5,No,14,3,28,3,2,0,2,2
35,No,Travel_Rarely,Research & Development,25,Technical Degree,4,Male,78,2,3,Manufacturing Director,2,10903,9129,3,No,16,3,16,3,13,10,4,8
37,No,Travel_Frequently,Sales,21,Medical,3,Female,54,3,1,Sales Representative,4,2973,21222,5,No,15,3,10,3,5,4,0,0
53,No,Travel_Rarely,Research & Development,23,Life Sciences,4,Female,72,3,4,Research Director,4,14275,20206,6,No,18,3,33,3,12,9,3,8
43,No,Travel_Frequently,Research & Development,1,Life Sciences,4,Female,33,3,2,Healthcare Representative,4,5562,21782,4,No,13,3,12,2,5,2,2,2
47,No,Travel_Rarely,Sales,2,Marketing,3,Female,35,3,2,Sales Executive,4,4537,17783,0,Yes,22,4,8,3,7,6,7,7
37,No,Non-Travel,Sales,19,Medical,1,Male,32,3,3,Sales Executive,2,7642,4814,1,Yes,13,3,10,3,10,0,0,9
50,No,Non-Travel,Research & Development,2,Life Sciences,1,Male,98,3,4,Manager,1,17924,4544,1,No,11,3,31,3,31,6,14,7
39,No,Travel_Rarely,Human Resources,2,Life Sciences,4,Female,42,2,2,Human Resources,4,5204,7790,8,No,11,3,13,3,5,4,0,4
33,No,Travel_Rarely,Human Resources,3,Human Resources,4,Male,57,3,1,Human Resources,2,2277,22650,3,Yes,11,3,7,4,4,3,0,3
32,Yes,Travel_Rarely,Research & Development,25,Life Sciences,1,Male,87,3,1,Laboratory Technician,4,2795,18016,1,Yes,24,4,1,1,1,0,0,1
29,No,Travel_Rarely,Research & Development,7,Medical,1,Female,62,2,1,Laboratory Technician,4,2532,6054,6,No,14,3,8,3,4,3,0,3
44,No,Travel_Rarely,Research & Development,9,Life Sciences,2,Male,61,3,1,Research Scientist,1,2559,7508,1,Yes,13,3,8,3,8,7,7,1
28,No,Travel_Rarely,Sales,5,Medical,1,Male,98,3,2,Sales Executive,4,4908,24252,1,No,14,3,4,3,4,2,0,2
58,Yes,Travel_Frequently,Research & Development,2,Life Sciences,4,Male,57,2,1,Laboratory Technician,4,2380,13384,9,Yes,14,3,3,2,1,0,0,0
43,No,Travel_Rarely,Research & Development,8,Life Sciences,1,Female,55,3,2,Manufacturing Director,2,4765,23814,4,No,21,4,4,4,1,0,0,0
20,Yes,Travel_Rarely,Sales,2,Medical,3,Female,49,2,1,Sales Representative,3,2044,22052,1,No,13,3,2,2,2,2,0,2
21,Yes,Travel_Rarely,Research & Development,18,Other,4,Female,65,3,1,Research Scientist,4,2693,8870,1,No,19,3,1,2,1,0,0,0
36,No,Travel_Rarely,Research & Development,14,Life Sciences,3,Male,68,3,2,Healthcare Representative,4,6586,4821,0,Yes,17,3,17,2,16,8,4,11
47,No,Travel_Rarely,Sales,2,Life Sciences,4,Female,65,2,1,Sales Representative,4,3294,13137,1,Yes,18,3,3,2,3,2,1,2
22,Yes,Travel_Rarely,Research & Development,3,Life Sciences,2,Female,34,3,2,Manufacturing Director,3,4171,10022,0,Yes,19,3,4,4,3,2,0,2
41,Yes,Travel_Rarely,Research & Development,2,Life Sciences,2,Female,57,1,1,Laboratory Technician,4,2778,17725,4,Yes,13,3,10,2,7,7,1,0
28,No,Travel_Rarely,Research & Development,9,Medical,3,Female,77,3,1,Research Scientist,3,2377,9834,5,No,18,3,6,3,2,2,2,2
39,Yes,Travel_Rarely,Research & Development,6,Medical,4,Male,70,3,1,Laboratory Technician,1,2404,4303,7,Yes,21,4,8,1,2,2,2,2
27,No,Travel_Rarely,Research & Development,4,Life Sciences,2,Female,76,3,1,Research Scientist,3,2318,17808,1,No,19,3,1,3,1,1,0,0
34,No,Travel_Rarely,Research & Development,10,Life Sciences,2,Male,83,3,1,Laboratory Technician,2,2008,6896,1,No,14,3,1,3,1,0,1,0
42,No,Travel_Rarely,Sales,14,Medical,3,Female,68,2,2,Sales Executive,3,6244,7824,7,No,17,3,10,3,5,4,0,3
33,No,Travel_Rarely,Research & Development,1,Other,3,Male,100,2,1,Research Scientist,1,2799,3339,3,Yes,11,3,6,3,3,2,0,2
58,No,Travel_Rarely,Research & Development,5,Technical Degree,3,Female,37,2,3,Healthcare Representative,2,10552,9255,2,Yes,13,3,24,3,6,0,0,4
31,No,Travel_Rarely,Sales,7,Life Sciences,2,Male,41,2,1,Sales Representative,3,2329,11737,3,No,15,3,13,4,7,7,5,2
35,No,Travel_Rarely,Research & Development,21,Life Sciences,4,Female,51,3,2,Healthcare Representative,4,4014,19170,1,Yes,25,4,10,1,10,6,0,7
49,No,Travel_Rarely,Research & Development,8,Other,1,Female,51,3,3,Laboratory Technician,2,7403,22477,4,No,11,3,29,2,26,9,1,7
48,No,Travel_Rarely,Research & Development,20,Medical,4,Male,51,3,1,Research Scientist,3,2259,5543,4,No,17,3,13,2,0,0,0,0
31,No,Non-Travel,Sales,20,Marketing,4,Female,45,3,2,Sales Executive,3,6932,24406,1,No,13,3,9,2,9,8,0,0
36,No,Travel_Rarely,Research & Development,7,Other,2,Male,65,3,1,Research Scientist,4,4678,23293,2,No,18,3,8,3,6,2,0,1
38,No,Travel_Rarely,Research & Development,1,Technical Degree,4,Female,80,3,3,Research Director,1,13582,16292,1,No,13,3,15,3,15,12,5,11
32,No,Non-Travel,Research & Development,1,Life Sciences,3,Female,70,2,1,Laboratory Technician,2,2332,3974,6,No,20,4,5,3,3,0,0,2
25,Yes,Travel_Rarely,Sales,19,Marketing,3,Male,36,2,1,Sales Representative,2,2413,18798,1,Yes,18,3,1,3,1,0,0,0
40,No,Travel_Rarely,Sales,10,Marketing,1,Male,67,2,3,Sales Executive,2,9705,20652,2,No,12,3,11,2,1,0,0,0
26,No,Travel_Frequently,Sales,1,Medical,3,Male,52,2,2,Sales Executive,1,4294,11148,1,No,12,3,7,3,7,7,0,7
41,No,Travel_Rarely,Research & Development,6,Medical,4,Male,59,3,1,Laboratory Technician,1,4721,3119,2,Yes,13,3,20,3,18,13,2,17
36,No,Travel_Rarely,Research & Development,2,Medical,3,Male,79,3,1,Laboratory Technician,3,2519,12287,4,No,21,4,16,3,11,8,3,9
19,Yes,Travel_Rarely,Sales,21,Other,4,Male,37,2,1,Sales Representative,2,2121,9947,1,Yes,13,3,1,4,1,0,0,0
20,Yes,Travel_Rarely,Research & Development,4,Technical Degree,1,Male,84,3,1,Laboratory Technician,1,2973,13008,1,No,19,3,1,3,1,0,0,0
31,No,Travel_Rarely,Research & Development,12,Medical,4,Female,41,3,2,Healthcare Representative,4,5855,17369,0,Yes,11,3,10,1,9,7,8,5
40,No,Travel_Frequently,Research & Development,9,Medical,4,Male,35,3,1,Research Scientist,2,3617,25063,8,Yes,14,3,3,3,1,1,0,0
32,No,Travel_Rarely,Research & Development,3,Medical,3,Female,93,3,2,Manufacturing Director,1,6725,13554,1,No,12,3,8,4,8,7,6,3
36,Yes,Travel_Rarely,Sales,3,Life Sciences,3,Male,51,2,3,Sales Executive,4,10325,5518,1,Yes,11,3,16,3,16,7,3,7
33,No,Travel_Rarely,Research & Development,1,Life Sciences,2,Female,42,2,2,Healthcare Representative,4,6949,12291,0,No,14,3,6,3,5,0,1,4
37,Yes,Travel_Rarely,Sales,1,Life Sciences,1,Male,46,2,3,Sales Executive,3,10609,14922,5,No,11,3,17,1,14,1,11,7
45,No,Non-Travel,Research & Development,4,Life Sciences,3,Male,57,3,2,Laboratory Technician,2,4447,23163,1,No,12,3,9,2,9,7,0,8
29,No,Travel_Frequently,Sales,20,Technical Degree,3,Female,84,3,1,Sales Representative,4,2157,18203,1,No,15,3,3,3,3,1,0,2
35,No,Travel_Rarely,Sales,18,Medical,3,Female,86,3,2,Sales Executive,3,4601,6179,1,No,16,3,5,3,5,2,1,0
52,No,Travel_Rarely,Research & Development,1,Life Sciences,4,Male,70,3,4,Manager,4,17099,13829,2,No,15,3,26,2,9,8,7,8
58,Yes,Travel_Rarely,Research & Development,2,Technical Degree,4,Male,51,3,1,Research Scientist,3,2479,26227,4,No,24,4,7,3,1,0,0,0
53,No,Travel_Rarely,Sales,2,Medical,3,Male,45,3,4,Manager,3,14852,13938,6,No,13,3,22,4,17,13,15,2
30,No,Travel_Rarely,Sales,8,Other,3,Male,62,3,3,Sales Executive,3,7264,9977,5,No,11,3,10,4,8,4,7,7
38,No,Non-Travel,Sales,10,Technical Degree,3,Female,85,3,2,Sales Executive,4,5666,19899,1,Yes,13,3,6,3,5,3,1,3
35,No,Travel_Rarely,Sales,3,Life Sciences,4,Male,92,3,3,Sales Executive,4,7823,6812,6,No,13,3,12,3,10,9,0,8
39,No,Travel_Rarely,Sales,2,Life Sciences,1,Male,41,4,3,Sales Executive,3,7880,2560,0,No,18,3,9,3,8,7,0,7
40,Yes,Non-Travel,Sales,24,Life Sciences,2,Female,100,4,4,Sales Executive,2,13194,17071,4,Yes,16,3,22,2,1,0,0,0
47,No,Travel_Frequently,Research & Development,16,Medical,3,Male,64,4,2,Manufacturing Director,3,5067,6759,1,Yes,19,3,20,4,19,10,2,7
36,No,Non-Travel,Sales,8,Technical Degree,1,Male,84,3,2,Sales Executive,4,5079,25952,4,No,13,3,12,3,7,7,0,7
31,Yes,Non-Travel,Research & Development,9,Medical,3,Male,46,2,1,Research Scientist,1,2321,10322,0,Yes,22,4,4,3,3,2,1,2
33,No,Non-Travel,Sales,17,Life Sciences,4,Male,38,3,4,Manager,3,17444,20489,1,No,11,3,10,3,10,8,6,0
29,Yes,Travel_Rarely,Research & Development,10,Life Sciences,4,Female,92,2,1,Research Scientist,1,2404,11479,6,Yes,20,4,3,3,0,0,0,0
33,No,Travel_Rarely,Research & Development,13,Life Sciences,2,Female,53,3,1,Research Scientist,4,3452,17241,3,No,18,3,5,3,3,2,0,2
45,No,Travel_Rarely,Research & Development,1,Medical,4,Female,91,3,1,Laboratory Technician,4,2270,11005,3,No,14,3,8,3,5,3,0,2
50,No,Travel_Rarely,Research & Development,1,Medical,4,Male,66,3,4,Research Director,4,17399,6615,9,No,22,4,32,2,5,4,1,3
33,No,Travel_Frequently,Research & Development,1,Other,3,Female,84,4,2,Healthcare Representative,2,5488,20161,1,Yes,13,3,6,3,6,5,1,2
41,No,Travel_Frequently,Research & Development,9,Medical,1,Male,64,3,5,Research Director,3,19419,3735,2,No,17,3,21,4,18,16,0,11
27,No,Travel_Rarely,Research & Development,16,Technical Degree,3,Female,37,3,1,Laboratory Technician,2,2811,12086,9,No,14,3,4,3,2,2,2,2
45,No,Non-Travel,Research & Development,23,Life Sciences,4,Male,42,3,2,Laboratory Technician,1,3633,14039,1,Yes,15,3,9,3,9,8,0,8
47,No,Travel_Rarely,Sales,4,Life Sciences,4,Female,83,3,2,Sales Executive,4,4163,8571,1,Yes,17,3,9,3,9,0,0,7
30,Yes,Travel_Rarely,Research & Development,22,Life Sciences,1,Female,48,3,1,Research Scientist,3,2132,11539,4,Yes,11,3,7,3,5,2,0,1
50,No,Travel_Rarely,Research & Development,24,Life Sciences,4,Male,95,3,4,Manufacturing Director,3,13973,4161,3,Yes,18,3,22,3,12,11,1,5
38,No,Travel_Frequently,Research & Development,10,Medical,3,Male,66,3,1,Research Scientist,3,2684,12127,0,No,17,3,3,2,2,1,0,2
46,No,Travel_Rarely,Research & Development,7,Medical,4,Male,75,3,3,Manufacturing Director,3,10845,24208,6,No,13,3,13,3,8,7,0,7
24,No,Travel_Rarely,Research & Development,17,Medical,4,Female,41,2,2,Manufacturing Director,3,4377,24117,1,No,15,3,5,3,4,2,3,2
35,Yes,Travel_Rarely,Research & Development,14,Other,3,Male,39,2,1,Laboratory Technician,2,3743,10074,1,Yes,24,4,5,1,4,2,0,2
31,No,Travel_Frequently,Research & Development,1,Life Sciences,3,Female,96,3,2,Manufacturing Director,1,4148,11275,1,No,12,3,4,3,4,3,0,3
18,No,Non-Travel,Research & Development,5,Life Sciences,2,Male,73,3,1,Research Scientist,4,1051,13493,1,No,15,3,0,3,0,0,0,0
54,No,Travel_Rarely,Research & Development,17,Technical Degree,3,Female,56,3,3,Manufacturing Director,3,10739,13943,8,No,11,3,22,3,10,7,0,8
35,No,Travel_Rarely,Research & Development,25,Medical,3,Female,57,3,3,Healthcare Representative,3,10388,6975,1,Yes,11,3,16,2,16,10,10,1
30,No,Travel_Rarely,Research & Development,8,Life Sciences,2,Female,73,4,3,Research Director,1,11416,17802,0,Yes,12,3,9,2,8,7,1,7
20,Yes,Travel_Rarely,Research & Development,11,Medical,4,Female,98,2,1,Research Scientist,1,2600,18275,1,Yes,15,3,1,3,1,0,0,0
30,Yes,Travel_Frequently,Research & Development,5,Medical,2,Female,60,3,1,Laboratory Technician,2,2422,25725,0,No,17,3,4,3,3,2,1,2
26,No,Travel_Rarely,Research & Development,2,Medical,4,Male,32,4,2,Manufacturing Director,4,5472,3334,1,No,12,3,8,3,8,7,1,3
22,No,Travel_Rarely,Research & Development,8,Life Sciences,2,Male,94,1,1,Laboratory Technician,1,2451,6881,1,No,15,3,4,2,4,3,1,1
48,No,Travel_Rarely,Research & Development,6,Life Sciences,1,Male,97,2,2,Healthcare Representative,3,4240,13119,2,No,13,3,19,3,2,2,2,2
48,No,Travel_Rarely,Research & Development,4,Life Sciences,3,Male,78,2,3,Healthcare Representative,3,10999,22245,7,No,14,3,27,3,15,11,4,8
41,No,Travel_Rarely,Research & Development,7,Medical,4,Female,42,3,2,Manufacturing Director,3,5003,23371,6,No,14,3,8,3,2,2,2,1
39,No,Travel_Rarely,Research & Development,1,Life Sciences,4,Female,65,2,4,Manufacturing Director,4,12742,7060,1,No,16,3,21,3,21,6,11,8
27,No,Travel_Rarely,Research & Development,2,Life Sciences,1,Female,47,3,2,Manufacturing Director,4,4227,4658,0,No,18,3,4,3,3,2,2,2
35,No,Travel_Rarely,Research & Development,10,Other,2,Male,45,3,1,Laboratory Technician,4,3917,9541,1,No,20,4,3,2,3,2,1,2
42,No,Travel_Rarely,Sales,5,Marketing,4,Male,90,3,5,Manager,3,18303,7770,6,No,13,3,21,4,1,0,0,0
50,No,Travel_Rarely,Research & Development,9,Life Sciences,1,Male,64,3,1,Laboratory Technician,4,2380,20165,4,No,18,3,8,3,1,0,0,0
59,No,Travel_Rarely,Research & Development,2,Life Sciences,3,Female,69,2,4,Manufacturing Director,4,13726,21829,3,Yes,13,3,30,3,5,3,4,3
37,Yes,Travel_Rarely,Research & Development,11,Medical,1,Female,61,1,2,Healthcare Representative,2,4777,14382,5,No,15,3,15,1,1,0,0,0
55,No,Travel_Frequently,Research & Development,18,Medical,3,Male,62,3,2,Healthcare Representative,2,6385,12992,3,Yes,14,3,17,3,8,7,6,7
41,No,Non-Travel,Research & Development,7,Life Sciences,2,Female,55,1,5,Research Director,3,19973,20284,1,No,22,4,21,3,21,16,5,10
38,No,Travel_Rarely,Sales,3,Life Sciences,2,Male,42,3,2,Sales Executive,4,6861,4981,8,Yes,12,3,19,3,1,0,0,0
26,Yes,Non-Travel,Sales,29,Medical,2,Male,79,1,2,Sales Executive,1,4969,21813,8,No,18,3,7,3,2,2,2,2
52,Yes,Travel_Rarely,Sales,2,Marketing,1,Female,57,1,5,Manager,4,19845,25846,1,No,15,3,33,3,32,14,6,9
44,No,Travel_Rarely,Sales,28,Medical,4,Female,53,4,4,Sales Executive,4,13320,11737,3,Yes,18,3,23,3,12,11,11,11
50,No,Non-Travel,Sales,1,Life Sciences,4,Female,95,3,2,Sales Executive,3,6347,24920,0,No,12,3,19,3,18,7,0,13
36,Yes,Travel_Rarely,Research & Development,16,Life Sciences,3,Female,43,4,1,Laboratory Technician,1,2743,8269,1,No,16,3,18,3,17,13,15,14
39,No,Travel_Frequently,Research & Development,22,Medical,4,Female,82,3,3,Manufacturing Director,1,10880,5083,1,Yes,13,3,21,3,21,6,2,8
33,No,Non-Travel,Sales,8,Life Sciences,2,Female,88,2,1,Sales Representative,4,2342,21437,0,No,19,3,3,2,2,2,2,2
45,No,Travel_Rarely,Sales,11,Life Sciences,4,Female,90,3,4,Manager,4,17650,5404,3,No,13,3,26,4,9,3,1,1
32,No,Non-Travel,Research & Development,29,Medical,4,Female,69,3,1,Laboratory Technician,3,4025,11135,9,No,12,3,10,3,8,7,7,7
34,No,Travel_Rarely,Sales,1,Marketing,2,Male,75,4,2,Sales Executive,4,9725,12278,0,No,11,3,16,2,15,1,0,9
59,No,Travel_Rarely,Sales,1,Technical Degree,2,Male,66,3,3,Manager,4,11904,11038,3,Yes,14,3,14,1,6,4,0,4
45,No,Travel_Rarely,Human Resources,24,Medical,2,Male,36,3,1,Human Resources,2,2177,8318,1,No,16,3,6,3,6,3,0,4
53,No,Travel_Frequently,Sales,2,Marketing,3,Female,38,2,3,Sales Executive,2,7525,23537,2,No,12,3,30,3,15,7,6,12
36,Yes,Travel_Rarely,Research & Development,15,Other,1,Male,81,3,2,Laboratory Technician,3,4834,7858,7,No,14,3,9,2,1,0,0,0
26,Yes,Travel_Frequently,Research & Development,2,Life Sciences,1,Male,57,3,1,Research Scientist,1,2042,15346,6,Yes,14,3,6,3,3,2,1,2
34,No,Travel_Rarely,Sales,10,Life Sciences,3,Female,87,3,1,Sales Representative,3,2220,18410,1,Yes,19,3,1,3,1,1,0,0
28,No,Travel_Rarely,Sales,10,Medical,4,Male,74,3,1,Sales Representative,2,1052,23384,1,No,22,4,1,3,1,0,0,0
38,No,Travel_Frequently,Research & Development,3,Other,3,Male,44,3,1,Research Scientist,3,2821,2997,3,No,16,3,8,3,2,2,2,2
50,No,Travel_Rarely,Research & Development,2,Medical,2,Male,62,3,5,Research Director,3,19237,12853,2,Yes,11,3,29,2,8,1,7,7
37,No,Travel_Rarely,Research & Development,3,Other,4,Female,35,3,2,Healthcare Representative,2,4107,13848,3,No,15,3,8,2,4,3,0,1
40,No,Travel_Rarely,Sales,26,Marketing,3,Male,74,3,2,Sales Executive,1,8396,22217,1,No,14,3,8,2,7,7,7,5
26,No,Travel_Frequently,Research & Development,1,Medical,1,Female,66,2,1,Research Scientist,3,2007,25265,1,No,13,3,5,3,5,3,1,3
46,No,Travel_Rarely,Research & Development,1,Medical,4,Male,40,3,5,Research Director,4,19627,21445,9,No,17,3,23,3,2,2,2,2
54,No,Travel_Rarely,Sales,2,Life Sciences,3,Female,41,2,3,Sales Executive,3,10686,8392,6,No,11,3,13,3,9,4,7,0
56,No,Travel_Frequently,Research & Development,9,Medical,1,Female,63,3,1,Research Scientist,3,2942,12154,2,No,19,3,18,3,5,4,0,3
36,No,Travel_Rarely,Research & Development,12,Medical,4,Female,51,2,3,Manufacturing Director,4,8858,15669,0,No,11,3,15,2,14,8,7,8
55,No,Non-Travel,Research & Development,2,Medical,3,Male,40,2,4,Manager,1,16756,17323,7,No,15,3,31,4,9,7,6,2
43,No,Travel_Rarely,Sales,25,Medical,3,Male,79,2,3,Sales Executive,4,10798,5268,5,No,13,3,18,3,1,0,0,0
20,Yes,Travel_Frequently,Sales,9,Marketing,4,Female,54,3,1,Sales Representative,4,2323,17205,1,Yes,14,3,2,3,2,2,0,2
21,Yes,Travel_Rarely,Research & Development,10,Life Sciences,3,Female,36,2,1,Laboratory Technician,1,1416,17258,1,No,13,3,1,2,1,0,1,0
46,No,Travel_Rarely,Research & Development,8,Life Sciences,4,Female,74,2,2,Research Scientist,1,4615,21029,8,Yes,23,4,19,3,16,13,1,7
51,Yes,Travel_Rarely,Research & Development,4,Life Sciences,1,Male,34,3,1,Research Scientist,3,2461,10332,9,Yes,12,3,18,4,10,0,2,7
28,Yes,Non-Travel,Research & Development,24,Technical Degree,2,Male,72,2,3,Healthcare Representative,1,8722,12355,1,No,12,3,10,2,10,7,1,9
26,No,Travel_Rarely,Research & Development,1,Medical,1,Male,59,2,1,Laboratory Technician,1,3955,11141,1,No,16,3,6,3,5,3,1,3
30,No,Travel_Rarely,Research & Development,20,Other,3,Male,85,3,2,Manufacturing Director,1,9957,9096,0,No,15,3,7,2,6,2,0,2
41,No,Travel_Rarely,Research & Development,7,Technical Degree,2,Female,43,4,1,Research Scientist,3,3376,18863,1,No,13,3,10,3,10,6,0,8
38,No,Travel_Rarely,Research & Development,17,Life Sciences,3,Female,65,2,3,Healthcare Representative,3,8823,24608,0,No,18,3,20,2,19,9,1,9
40,No,Travel_Rarely,Research & Development,20,Technical Degree,1,Male,61,3,3,Healthcare Representative,4,10322,26542,4,No,20,4,14,3,11,10,11,1
27,No,Non-Travel,Research & Development,8,Life Sciences,1,Male,87,1,1,Laboratory Technician,3,4621,5869,1,No,19,3,3,3,3,2,1,2
55,No,Travel_Frequently,Research & Development,2,Life Sciences,4,Male,65,3,3,Manufacturing Director,2,10976,15813,3,No,18,3,23,3,3,2,1,2
28,No,Travel_Rarely,Research & Development,10,Other,3,Female,59,3,2,Research Scientist,3,3660,7909,3,No,13,3,10,4,8,7,1,7
44,Yes,Travel_Rarely,Human Resources,1,Medical,2,Male,91,2,3,Human Resources,1,10482,2326,9,No,14,3,24,3,20,6,3,6
33,No,Travel_Rarely,Research & Development,5,Life Sciences,4,Male,34,2,3,Healthcare Representative,4,7119,21214,4,No,15,3,9,3,3,2,1,2
35,Yes,Travel_Rarely,Sales,4,Technical Degree,4,Male,86,3,3,Sales Executive,1,9582,10333,0,Yes,22,4,9,3,8,7,4,7
33,Yes,Travel_Frequently,Research & Development,29,Medical,1,Female,54,2,2,Research Scientist,3,4508,3129,1,No,22,4,14,3,13,7,3,8
28,No,Travel_Rarely,Research & Development,15,Life Sciences,1,Male,50,3,1,Laboratory Technician,3,2207,22482,1,No,16,3,4,2,4,2,2,2
34,No,Travel_Frequently,Research & Development,3,Life Sciences,1,Male,45,3,2,Healthcare Representative,4,7756,22266,0,No,17,3,7,2,6,2,0,4
37,No,Travel_Rarely,Sales,10,Life Sciences,4,Female,88,2,2,Sales Executive,4,6694,24223,2,Yes,14,3,8,3,1,0,0,0
25,Yes,Travel_Rarely,Research & Development,4,Technical Degree,4,Male,32,3,1,Laboratory Technician,4,3691,4605,1,Yes,15,3,7,4,7,7,5,6
26,Yes,Travel_Rarely,Research & Development,21,Medical,1,Male,37,3,1,Laboratory Technician,3,2377,19373,1,No,20,4,1,2,1,1,0,0
33,Yes,Travel_Rarely,Research & Development,25,Medical,1,Male,55,2,1,Research Scientist,2,2313,2993,4,Yes,20,4,5,3,2,2,2,2
42,No,Travel_Rarely,Research & Development,2,Medical,4,Male,35,3,4,Manager,1,17665,14399,0,No,17,3,23,3,22,6,13,7
28,Yes,Travel_Frequently,Research & Development,1,Medical,1,Male,45,2,1,Laboratory Technician,2,2596,7160,1,No,15,3,1,3,1,0,0,0
50,Yes,Travel_Frequently,Sales,1,Other,4,Male,81,3,2,Sales Executive,3,4728,17251,3,Yes,14,3,5,3,0,0,0,0
33,No,Travel_Frequently,Sales,7,Life Sciences,4,Female,30,3,2,Sales Executive,2,4302,13401,0,No,17,3,4,3,3,2,0,2
34,No,Non-Travel,Research & Development,3,Life Sciences,3,Male,40,2,1,Research Scientist,4,2979,22478,3,No,17,3,6,3,0,0,0,0
48,No,Non-Travel,Research & Development,1,Medical,1,Male,35,4,4,Manager,4,16885,16154,2,No,22,4,27,2,5,4,2,1
45,No,Non-Travel,Sales,9,Life Sciences,2,Female,65,2,2,Sales Executive,3,5593,17970,1,No,13,3,15,3,15,10,4,12
52,No,Travel_Rarely,Research & Development,7,Life Sciences,2,Male,87,3,3,Healthcare Representative,2,10445,15322,7,No,19,3,18,3,8,6,4,0
38,No,Travel_Rarely,Sales,10,Marketing,3,Male,73,2,3,Sales Executive,3,8740,5569,0,Yes,14,3,9,3,8,7,2,7
29,No,Travel_Rarely,Research & Development,28,Life Sciences,3,Female,93,3,1,Research Scientist,4,2514,26968,4,No,22,4,11,3,7,5,1,7
28,No,Travel_Rarely,Research & Development,3,Medical,4,Female,93,3,3,Manufacturing Director,2,7655,8039,0,No,17,3,10,2,9,7,1,7
46,No,Travel_Rarely,Sales,3,Marketing,1,Male,52,3,4,Manager,3,17465,15596,3,No,12,3,23,3,12,9,4,9
38,No,Travel_Rarely,Sales,2,Marketing,4,Male,32,3,3,Sales Executive,2,7351,20619,7,No,16,3,10,3,1,0,0,0
43,No,Travel_Frequently,Research & Development,27,Life Sciences,3,Female,83,3,3,Manufacturing Director,1,10820,11535,8,No,11,3,18,3,8,7,0,1
39,Yes,Travel_Frequently,Research & Development,2,Life Sciences,1,Male,84,3,4,Healthcare Representative,4,12169,13547,7,No,11,3,21,3,18,7,11,5
40,No,Travel_Rarely,Research & Development,14,Medical,3,Male,44,2,5,Research Director,3,19626,17544,1,No,14,3,21,4,20,7,4,9
21,No,Travel_Rarely,Research & Development,1,Technical Degree,4,Female,70,2,1,Research Scientist,2,2070,25326,1,Yes,11,3,2,4,2,2,2,2
39,No,Non-Travel,Research & Development,9,Life Sciences,3,Male,70,3,2,Laboratory Technician,2,6782,8770,9,No,15,3,9,2,5,4,0,3
36,No,Non-Travel,Research & Development,18,Life Sciences,1,Male,78,3,2,Manufacturing Director,4,7779,23238,2,No,20,4,18,3,11,9,0,9
31,No,Travel_Frequently,Sales,20,Life Sciences,3,Male,67,4,1,Sales Representative,4,2791,21981,0,No,12,3,3,3,2,2,2,2
28,No,Travel_Rarely,Research & Development,2,Life Sciences,1,Male,67,2,1,Research Scientist,2,3201,19911,0,No,17,3,6,1,5,3,0,4
35,No,Travel_Frequently,Sales,11,Marketing,4,Male,54,3,2,Sales Executive,4,4968,18500,1,No,11,3,5,3,5,2,0,2
49,No,Travel_Rarely,Sales,8,Technical Degree,4,Male,56,2,4,Sales Executive,2,13120,11879,6,No,17,3,22,3,9,8,2,3
34,No,Travel_Frequently,Research & Development,2,Life Sciences,4,Male,95,3,2,Manufacturing Director,3,4033,15834,2,No,11,3,5,2,3,2,0,2
29,No,Travel_Frequently,Research & Development,10,Life Sciences,4,Female,61,3,1,Research Scientist,2,3291,17940,0,No,14,3,8,2,7,5,1,1
42,No,Travel_Rarely,Research & Development,29,Medical,2,Male,56,1,2,Laboratory Technician,4,4272,9558,4,No,19,3,16,3,1,0,0,0
29,No,Travel_Rarely,Research & Development,8,Medical,2,Male,79,2,2,Manufacturing Director,4,5056,17689,1,Yes,15,3,10,2,10,7,1,2
38,No,Travel_Rarely,Human Resources,1,Human Resources,3,Male,37,4,1,Human Resources,3,2844,6004,1,No,13,3,7,4,7,6,5,0
28,No,Travel_Frequently,Research & Development,6,Life Sciences,3,Male,39,2,1,Research Scientist,3,2703,22088,1,Yes,14,3,3,3,3,1,0,2
18,Yes,Non-Travel,Research & Development,8,Medical,3,Male,80,3,1,Laboratory Technician,3,1904,13556,1,No,12,3,0,3,0,0,0,0
33,Yes,Travel_Rarely,Sales,9,Marketing,1,Female,77,3,2,Sales Executive,1,8224,18385,0,Yes,17,3,6,3,5,2,0,3
41,No,Travel_Rarely,Research & Development,12,Life Sciences,2,Male,46,3,1,Laboratory Technician,4,4766,9051,3,Yes,11,3,6,3,1,0,0,0
31,Yes,Travel_Frequently,Research & Development,15,Medical,3,Male,72,3,1,Laboratory Technician,3,2610,6233,1,No,12,3,2,2,2,2,2,2
37,No,Travel_Rarely,Research & Development,25,Medical,3,Female,52,2,2,Healthcare Representative,4,5731,17171,7,No,13,3,9,3,6,2,1,3
27,No,Travel_Rarely,Research & Development,6,Life Sciences,4,Male,55,2,1,Research Scientist,3,2539,7950,1,No,13,3,4,3,4,2,2,2
34,No,Travel_Rarely,Sales,9,Life Sciences,2,Female,70,3,2,Sales Executive,3,5714,5829,1,No,20,4,6,2,6,5,1,3
35,No,Travel_Rarely,Human Resources,8,Technical Degree,3,Male,100,3,1,Human Resources,3,4323,7108,1,No,17,3,6,1,5,4,1,4
29,Yes,Travel_Rarely,Sales,23,Life Sciences,4,Female,45,2,3,Sales Executive,1,7336,11162,1,No,13,3,11,1,11,8,3,10
40,No,Travel_Frequently,Research & Development,9,Medical,2,Female,88,3,3,Research Director,3,13499,13782,9,No,17,3,20,2,18,7,2,13
42,Yes,Travel_Frequently,Sales,12,Life Sciences,3,Male,44,3,4,Sales Executive,1,13758,2447,0,Yes,12,3,22,2,21,9,13,14
42,No,Travel_Rarely,Sales,4,Marketing,2,Male,45,3,2,Sales Executive,1,5155,2253,7,No,13,3,9,4,6,4,1,5
35,No,Travel_Rarely,Research & Development,1,Medical,4,Male,58,2,1,Laboratory Technician,3,2258,16340,6,No,12,3,10,3,8,0,1,7
24,No,Travel_Rarely,Research & Development,24,Medical,4,Male,49,3,1,Laboratory Technician,2,3597,6409,8,No,22,4,6,3,4,3,1,2
28,Yes,Travel_Rarely,Research & Development,12,Life Sciences,3,Female,79,3,1,Laboratory Technician,4,2515,22955,1,Yes,11,3,1,2,1,1,0,0
26,No,Travel_Rarely,Research & Development,3,Medical,1,Male,82,4,1,Laboratory Technician,4,4420,13421,1,No,22,4,8,3,8,7,0,7
30,No,Travel_Rarely,Sales,10,Marketing,3,Male,72,2,2,Sales Executive,3,6578,2706,1,No,18,3,10,3,10,3,1,4
40,No,Travel_Frequently,Research & Development,26,Medical,3,Female,92,2,2,Research Scientist,4,4422,21203,3,Yes,13,3,16,1,1,1,0,0
35,No,Travel_Rarely,Research & Development,2,Life Sciences,3,Male,44,2,3,Manufacturing Director,2,10274,19588,2,No,18,3,15,4,7,7,6,4
34,No,Travel_Frequently,Research & Development,1,Medical,4,Male,97,2,2,Healthcare Representative,1,5343,25755,0,No,20,4,14,3,13,9,4,9
35,No,Travel_Frequently,Research & Development,4,Other,4,Male,47,2,1,Laboratory Technician,4,2376,26537,1,No,13,3,2,4,2,2,2,2
43,Yes,Travel_Rarely,Sales,9,Marketing,1,Female,85,1,2,Sales Executive,3,5346,9489,8,No,13,3,7,2,4,3,1,3
32,No,Non-Travel,Sales,2,Life Sciences,3,Female,76,3,1,Sales Representative,1,2827,14947,1,No,12,3,1,3,1,0,0,0
56,No,Travel_Rarely,Research & Development,4,Technical Degree,4,Female,92,3,5,Manager,1,19943,18575,4,No,13,3,28,3,5,2,4,2
29,No,Travel_Rarely,Research & Development,6,Medical,2,Female,54,3,1,Laboratory Technician,4,3131,26342,1,No,13,3,10,3,10,8,0,8
19,No,Travel_Rarely,Research & Development,9,Life Sciences,3,Male,54,3,1,Research Scientist,1,2552,7172,1,No,25,4,1,3,1,1,0,0
45,No,Travel_Rarely,Research & Development,7,Medical,1,Female,83,3,1,Research Scientist,3,4477,20100,4,Yes,19,3,7,2,3,2,0,2
37,No,Travel_Rarely,Research & Development,1,Life Sciences,4,Female,56,2,2,Manufacturing Director,4,6474,9961,1,No,13,3,14,2,14,8,3,11
20,No,Travel_Rarely,Research & Development,3,Life Sciences,1,Male,87,2,1,Laboratory Technician,3,3033,12828,1,No,12,3,2,2,2,2,1,2
44,Yes,Travel_Rarely,Research & Development,10,Life Sciences,3,Male,96,3,1,Research Scientist,3,2936,10826,1,Yes,11,3,6,3,6,4,0,2
53,No,Travel_Rarely,Research & Development,7,Medical,4,Female,50,3,5,Manager,3,18606,18640,3,No,18,3,26,3,7,7,4,7
29,No,Travel_Rarely,Research & Development,15,Life Sciences,2,Female,69,1,1,Research Scientist,4,2168,26933,0,Yes,18,3,6,2,5,4,1,3
22,Yes,Travel_Frequently,Research & Development,3,Life Sciences,3,Male,48,2,1,Research Scientist,4,2853,4223,0,Yes,11,3,1,3,0,0,0,0
46,No,Travel_Rarely,Sales,2,Marketing,3,Female,69,3,4,Manager,1,17048,24097,8,No,23,4,28,3,26,15,15,9
44,No,Non-Travel,Research & Development,17,Life Sciences,4,Male,74,1,1,Research Scientist,3,2290,4279,2,No,13,3,6,3,0,0,0,0
33,No,Travel_Rarely,Human Resources,2,Human Resources,2,Male,99,3,1,Human Resources,3,3600,8429,1,No,13,3,5,3,5,4,1,4
41,Yes,Non-Travel,Research & Development,5,Life Sciences,1,Male,95,2,1,Research Scientist,1,2107,20293,6,No,17,3,5,1,1,0,0,0
30,No,Travel_Rarely,Sales,29,Life Sciences,3,Male,61,3,2,Sales Executive,1,4115,13192,8,No,19,3,8,3,4,3,0,3
40,No,Travel_Frequently,Sales,2,Medical,2,Male,62,3,2,Sales Executive,2,4327,25440,5,No,12,3,5,3,0,0,0,0
50,No,Travel_Frequently,Research & Development,2,Medical,4,Female,30,3,4,Manager,1,17856,9490,2,No,22,4,32,3,2,2,2,2
28,No,Travel_Rarely,Research & Development,19,Medical,4,Male,78,2,1,Laboratory Technician,1,3196,12449,1,No,12,3,6,3,6,5,3,3
46,No,Travel_Rarely,Research & Development,15,Life Sciences,4,Male,52,3,5,Research Director,2,19081,10849,5,No,11,3,25,3,4,2,0,3
35,No,Travel_Rarely,Sales,17,Life Sciences,3,Male,94,3,2,Sales Executive,1,8966,21026,3,Yes,15,3,15,3,7,7,1,7
24,Yes,Travel_Rarely,Research & Development,17,Life Sciences,4,Female,97,3,1,Laboratory Technician,2,2210,3372,1,No,13,3,1,1,1,0,0,0
33,No,Travel_Frequently,Sales,25,Medical,2,Female,82,3,2,Sales Executive,3,4539,4905,1,No,12,3,10,2,10,7,0,1
36,No,Travel_Rarely,Research & Development,6,Life Sciences,3,Male,60,1,1,Laboratory Technician,3,2741,6865,1,No,14,3,7,3,7,7,1,7
30,No,Travel_Rarely,Research & Development,7,Life Sciences,3,Male,49,3,2,Laboratory Technician,3,3491,11309,1,No,13,3,10,2,10,7,8,9
44,No,Travel_Rarely,Research & Development,29,Other,4,Male,32,3,2,Research Scientist,4,4541,7744,1,No,25,4,20,3,20,11,13,17
20,No,Travel_Rarely,Sales,21,Marketing,3,Male,43,4,1,Sales Representative,4,2678,5050,1,No,17,3,2,3,2,1,2,2
46,No,Travel_Rarely,Research & Development,2,Technical Degree,4,Male,60,3,2,Manufacturing Director,4,7379,17433,2,No,11,3,12,2,6,3,1,4
42,No,Non-Travel,Human Resources,2,Medical,4,Male,79,4,2,Human Resources,1,6272,12858,7,No,16,3,10,4,4,3,0,3
60,No,Travel_Rarely,Sales,7,Marketing,2,Male,52,4,2,Sales Executive,4,5220,10893,0,Yes,18,3,12,3,11,7,1,9
32,No,Travel_Frequently,Research & Development,13,Other,3,Female,77,2,1,Laboratory Technician,2,2743,7331,1,No,20,4,2,3,2,2,2,2
32,No,Travel_Frequently,Research & Development,2,Life Sciences,4,Female,38,3,2,Research Scientist,3,4998,2338,4,Yes,14,3,10,3,8,7,0,7
36,No,Travel_Rarely,Research & Development,1,Technical Degree,3,Female,77,1,3,Manufacturing Director,1,10252,4235,2,Yes,21,4,17,3,7,7,7,7
33,No,Travel_Rarely,Research & Development,9,Medical,1,Male,60,3,1,Research Scientist,4,2781,6311,0,No,13,3,15,3,14,10,4,10
40,No,Travel_Rarely,Sales,10,Technical Degree,2,Female,84,2,2,Sales Executive,2,6852,11591,7,No,12,3,7,4,5,1,1,3
25,No,Travel_Rarely,Sales,10,Life Sciences,3,Male,57,3,2,Sales Executive,4,4950,20623,0,No,14,3,5,3,4,3,1,1
30,No,Travel_Rarely,Research & Development,1,Medical,4,Male,63,3,1,Research Scientist,2,3579,9369,0,Yes,21,4,12,3,11,9,5,7
42,No,Travel_Frequently,Research & Development,26,Medical,1,Female,60,3,3,Research Director,1,13191,23281,3,Yes,17,3,20,3,1,0,0,0
35,No,Non-Travel,Sales,8,Marketing,3,Female,78,2,3,Sales Executive,4,10377,13755,4,Yes,11,3,16,2,13,2,4,12
27,No,Travel_Rarely,Research & Development,14,Life Sciences,1,Male,42,3,1,Research Scientist,1,2235,14377,1,Yes,14,3,9,2,9,7,6,8
54,No,Travel_Frequently,Research & Development,1,Life Sciences,4,Female,53,3,3,Manufacturing Director,3,10502,9659,7,No,17,3,33,1,5,4,1,4
44,No,Travel_Rarely,Research & Development,2,Life Sciences,1,Female,72,4,1,Research Scientist,4,2011,19982,1,No,13,3,10,3,10,5,7,7
19,Yes,Non-Travel,Research & Development,10,Medical,1,Female,96,2,1,Research Scientist,2,1859,6148,1,Yes,25,4,1,4,1,1,0,0
29,No,Travel_Rarely,Research & Development,1,Life Sciences,1,Female,97,3,1,Research Scientist,4,3760,5598,1,No,15,3,3,3,3,2,1,2
54,No,Travel_Rarely,Research & Development,3,Life Sciences,4,Male,85,3,4,Research Director,4,17779,23474,3,No,14,3,36,3,10,9,0,9
31,No,Travel_Rarely,Research & Development,11,Medical,3,Male,80,3,2,Healthcare Representative,1,6833,17089,1,Yes,12,3,6,2,6,5,0,1
31,No,Travel_Rarely,Research & Development,24,Medical,3,Female,96,2,2,Healthcare Representative,1,6812,17198,1,No,19,3,10,3,10,9,1,8
59,No,Travel_Rarely,Sales,3,Life Sciences,3,Female,48,2,2,Sales Executive,4,5171,16490,5,No,17,3,13,3,6,1,0,5
43,No,Travel_Rarely,Research & Development,3,Life Sciences,3,Male,96,1,5,Research Director,4,19740,18625,3,No,14,3,25,3,8,7,0,7
49,No,Travel_Rarely,Research & Development,4,Medical,1,Male,85,2,5,Manager,3,18711,12124,2,No,13,3,23,4,1,0,0,0
36,No,Travel_Frequently,Research & Development,3,Technical Degree,3,Male,46,3,1,Research Scientist,2,3692,9256,1,No,12,3,12,2,11,10,0,7
48,No,Travel_Rarely,Research & Development,2,Technical Degree,4,Male,76,4,1,Laboratory Technician,2,2559,16620,5,No,11,3,7,2,1,0,0,0
27,No,Travel_Rarely,Research & Development,4,Life Sciences,1,Male,76,3,1,Research Scientist,3,2517,3208,1,No,11,3,5,3,5,3,0,3
29,No,Travel_Rarely,Research & Development,7,Life Sciences,3,Male,82,3,2,Healthcare Representative,4,6623,4204,1,Yes,11,3,6,3,6,0,1,0
48,No,Travel_Rarely,Research & Development,1,Life Sciences,4,Male,76,2,5,Research Director,4,18265,8733,6,No,12,3,25,4,1,0,0,0
29,No,Travel_Rarely,Research & Development,1,Life Sciences,4,Female,87,2,4,Research Director,4,16124,3423,3,No,14,3,9,2,7,7,1,7
34,No,Travel_Rarely,Research & Development,20,Technical Degree,3,Female,89,4,1,Research Scientist,3,2585,21643,0,No,17,3,2,2,1,0,0,0
44,No,Travel_Rarely,Sales,5,Marketing,2,Male,88,3,5,Manager,2,18213,8751,7,No,11,3,26,3,22,9,3,10
33,No,Travel_Rarely,Sales,10,Marketing,4,Male,82,4,3,Sales Executive,3,8380,21708,0,Yes,14,3,10,3,9,8,0,8
19,No,Travel_Rarely,Research & Development,25,Life Sciences,2,Female,57,4,1,Research Scientist,4,2994,21221,1,Yes,12,3,1,3,1,0,0,1
23,No,Travel_Rarely,Research & Development,1,Life Sciences,4,Male,47,3,1,Research Scientist,3,1223,16901,1,No,22,4,1,3,1,0,0,1
25,Yes,Travel_Frequently,Sales,24,Life Sciences,3,Male,73,1,1,Sales Representative,4,1118,8040,1,Yes,14,3,1,3,1,0,1,0
26,No,Travel_Rarely,Research & Development,4,Life Sciences,3,Male,53,3,1,Research Scientist,4,2875,9973,1,Yes,20,4,8,2,8,5,2,2
45,Yes,Travel_Rarely,Sales,2,Marketing,1,Female,94,1,5,Manager,2,18824,2493,2,Yes,16,3,26,3,24,10,1,11
55,No,Non-Travel,Research & Development,8,Medical,4,Male,37,2,4,Healthcare Representative,2,13577,25592,1,Yes,15,3,34,3,33,9,15,0
21,Yes,Travel_Frequently,Research & Development,10,Life Sciences,1,Female,45,2,1,Laboratory Technician,3,2625,25308,1,No,20,4,2,1,2,2,2,2
46,No,Travel_Rarely,Sales,4,Marketing,4,Female,33,2,5,Manager,2,18789,9946,2,No,14,3,26,3,11,4,0,8
34,No,Travel_Rarely,Sales,2,Marketing,3,Female,86,3,2,Sales Executive,1,4538,6039,0,Yes,12,3,4,3,3,2,0,2
51,No,Travel_Frequently,Sales,9,Life Sciences,4,Male,83,3,5,Manager,2,19847,19196,4,Yes,24,4,31,2,29,10,11,10
59,No,Travel_Rarely,Research & Development,18,Medical,4,Male,67,3,3,Manufacturing Director,4,10512,20002,6,No,12,3,25,2,9,7,5,4
34,No,Travel_Frequently,Research & Development,19,Medical,3,Female,46,3,2,Laboratory Technician,2,4444,22534,4,No,13,3,15,4,11,8,5,10
28,No,Travel_Frequently,Research & Development,1,Medical,4,Male,44,3,1,Laboratory Technician,3,2154,6842,0,Yes,11,3,5,2,4,2,0,2
44,No,Travel_Rarely,Research & Development,4,Life Sciences,3,Male,92,4,5,Manager,1,19190,17477,1,No,14,3,26,2,25,9,14,13
34,No,Travel_Frequently,Human Resources,11,Life Sciences,3,Male,56,2,2,Human Resources,2,4490,21833,4,No,11,3,14,4,10,9,1,8
35,No,Travel_Rarely,Research & Development,6,Life Sciences,3,Male,66,3,1,Research Scientist,3,3506,6020,0,Yes,14,3,4,3,3,2,2,2
42,No,Travel_Rarely,Research & Development,7,Medical,2,Female,78,4,2,Research Scientist,2,2372,5628,6,Yes,16,3,18,3,1,0,0,0
43,No,Travel_Rarely,Sales,4,Marketing,4,Female,56,2,3,Sales Executive,4,10231,20364,3,No,14,3,23,4,21,7,15,17
36,No,Travel_Rarely,Research & Development,2,Life Sciences,3,Female,53,3,2,Manufacturing Director,2,5410,2323,9,Yes,11,3,18,3,16,14,5,12
44,Yes,Travel_Rarely,Research & Development,15,Medical,1,Female,73,3,3,Healthcare Representative,4,7978,14075,1,No,11,3,10,3,10,7,0,5
28,No,Travel_Frequently,Research & Development,2,Life Sciences,4,Male,52,2,1,Laboratory Technician,4,3867,14222,1,Yes,12,3,2,3,2,2,2,2
51,No,Travel_Frequently,Research & Development,6,Medical,2,Female,40,2,1,Laboratory Technician,3,2838,4257,0,No,14,3,8,2,7,0,7,7
30,No,Non-Travel,Research & Development,9,Medical,3,Female,72,3,2,Manufacturing Director,3,4695,12858,7,Yes,18,3,10,3,8,4,1,7
29,Yes,Travel_Rarely,Research & Development,7,Technical Degree,2,Female,39,3,1,Laboratory Technician,3,3339,17285,3,Yes,13,3,10,3,7,7,7,7
28,No,Travel_Rarely,Research & Development,1,Technical Degree,4,Male,84,3,1,Research Scientist,1,2080,4732,2,No,11,3,5,2,3,2,1,2
25,No,Travel_Rarely,Research & Development,1,Medical,4,Female,40,3,1,Research Scientist,2,2096,18830,1,No,18,3,2,2,2,2,2,1
32,No,Travel_Rarely,Sales,8,Medical,3,Male,56,4,2,Sales Executive,4,6209,11693,1,No,15,3,10,4,10,7,0,8
45,No,Travel_Frequently,Research & Development,25,Medical,2,Female,83,3,5,Manager,2,18061,13035,3,No,22,4,22,3,0,0,0,0
39,No,Travel_Rarely,Research & Development,13,Medical,3,Female,94,2,4,Manager,2,17123,17334,6,Yes,13,3,21,3,19,9,15,2
58,No,Travel_Rarely,Research & Development,23,Life Sciences,1,Male,88,3,1,Research Scientist,3,2372,26076,1,No,12,3,2,3,2,2,2,2
32,Yes,Travel_Rarely,Research & Development,7,Life Sciences,4,Male,79,3,2,Laboratory Technician,3,4883,22845,1,No,18,3,10,3,10,4,1,1
39,Yes,Travel_Rarely,Research & Development,23,Medical,3,Male,93,3,1,Research Scientist,1,3904,22154,0,No,13,3,6,3,5,2,0,3
30,No,Travel_Rarely,Research & Development,6,Technical Degree,1,Female,48,2,2,Laboratory Technician,4,4627,23631,0,No,12,3,10,3,9,2,6,7
36,No,Travel_Rarely,Research & Development,10,Technical Degree,4,Female,63,3,3,Healthcare Representative,3,7094,5747,3,No,12,3,10,3,7,7,1,7
46,No,Travel_Rarely,Human Resources,1,Life Sciences,4,Female,44,3,1,Human Resources,1,3423,22957,6,No,12,3,10,4,7,6,5,7
28,No,Non-Travel,Research & Development,1,Life Sciences,3,Female,55,1,2,Laboratory Technician,4,6674,16392,0,No,11,3,10,3,9,8,7,5
50,No,Travel_Rarely,Research & Development,28,Life Sciences,4,Female,43,3,4,Research Director,1,16880,22422,4,Yes,11,3,25,3,3,2,1,2
40,Yes,Travel_Rarely,Sales,25,Marketing,4,Male,57,2,3,Sales Executive,2,9094,17235,2,Yes,12,3,9,3,5,4,1,0
52,Yes,Travel_Rarely,Sales,5,Life Sciences,2,Male,64,3,3,Sales Executive,2,8446,21534,9,Yes,19,3,10,2,8,7,7,7
30,No,Travel_Rarely,Research & Development,17,Medical,2,Female,95,3,3,Manager,1,11916,25927,1,Yes,23,4,9,3,9,1,0,8
39,No,Travel_Rarely,Research & Development,18,Life Sciences,1,Male,32,3,2,Manufacturing Director,3,4534,13352,0,No,11,3,9,3,8,7,1,7
31,No,Non-Travel,Sales,2,Life Sciences,4,Female,57,3,3,Sales Executive,3,9852,8935,1,Yes,19,3,10,2,10,8,9,6
41,No,Non-Travel,Sales,10,Medical,3,Male,40,1,2,Sales Executive,2,6151,22074,1,No,13,3,19,3,19,2,11,9
31,Yes,Travel_Frequently,Sales,1,Life Sciences,4,Female,54,3,1,Sales Representative,2,2302,8319,1,Yes,11,3,3,4,3,2,2,2
44,Yes,Travel_Rarely,Research & Development,3,Life Sciences,1,Male,89,3,1,Laboratory Technician,1,2362,14669,4,No,12,3,10,4,3,2,1,2
42,No,Non-Travel,Research & Development,2,Life Sciences,3,Male,37,3,4,Manager,3,17861,26582,0,Yes,13,3,21,2,20,8,2,10
55,No,Travel_Rarely,Research & Development,2,Medical,4,Female,58,1,5,Manager,3,19187,6992,4,No,14,3,23,3,19,9,9,11
56,No,Travel_Rarely,Human Resources,8,Life Sciences,4,Male,99,3,5,Manager,2,19717,4022,6,No,14,3,36,3,7,3,7,7
40,No,Non-Travel,Research & Development,16,Life Sciences,3,Male,74,3,1,Research Scientist,3,3544,8532,9,No,16,3,6,3,4,2,0,0
34,No,Travel_Rarely,Research & Development,9,Life Sciences,4,Male,86,3,3,Healthcare Representative,4,8500,5494,0,No,11,3,10,2,9,7,1,6
40,No,Travel_Rarely,Research & Development,2,Life Sciences,3,Male,98,3,2,Research Scientist,4,4661,22455,1,No,13,3,9,3,9,8,8,8
41,No,Travel_Frequently,Sales,1,Marketing,3,Female,66,3,2,Sales Executive,1,4103,4297,0,No,17,3,10,3,9,3,1,7
35,No,Travel_Frequently,Research & Development,4,Life Sciences,3,Male,87,3,2,Research Scientist,3,4249,2690,1,Yes,11,3,9,3,9,6,1,1
51,No,Travel_Rarely,Human Resources,5,Life Sciences,3,Male,84,3,4,Manager,2,14026,17588,1,Yes,11,3,33,3,33,9,0,10
38,No,Travel_Rarely,Sales,2,Life Sciences,2,Female,31,3,2,Sales Executive,1,6893,19461,3,No,15,3,11,3,7,7,1,7
34,No,Travel_Rarely,Sales,15,Medical,3,Female,66,3,2,Sales Executive,1,6125,23553,1,No,12,3,10,4,10,8,9,6
25,No,Travel_Rarely,Research & Development,19,Medical,4,Male,67,3,1,Laboratory Technician,4,3669,9075,3,No,11,3,7,2,3,2,1,2
58,Yes,Travel_Rarely,Research & Development,7,Medical,3,Female,53,2,3,Manufacturing Director,1,10008,12023,7,Yes,14,3,31,2,10,9,5,9
40,No,Travel_Rarely,Research & Development,1,Life Sciences,2,Male,88,3,1,Laboratory Technician,2,2387,6762,3,No,22,4,7,3,4,2,0,3
36,No,Travel_Frequently,Sales,7,Marketing,1,Female,83,4,2,Sales Executive,1,4639,2261,2,No,16,3,17,2,15,7,6,13
48,No,Travel_Rarely,Research & Development,4,Life Sciences,4,Male,54,3,3,Manufacturing Director,4,7898,18706,1,No,11,3,11,3,10,9,0,8
27,No,Travel_Rarely,Sales,11,Medical,3,Female,98,4,1,Sales Representative,4,2534,6527,8,No,14,3,5,3,1,0,0,0
51,No,Travel_Rarely,Research & Development,11,Technical Degree,4,Female,82,2,4,Manufacturing Director,2,13142,24439,3,No,16,3,29,2,5,2,0,3
18,No,Non-Travel,Research & Development,1,Life Sciences,4,Female,97,3,1,Laboratory Technician,4,1611,19305,1,No,15,3,0,4,0,0,0,0
35,No,Travel_Rarely,Research & Development,1,Medical,4,Female,60,2,2,Laboratory Technician,4,5363,10846,0,No,12,3,10,3,9,7,0,0
27,No,Travel_Frequently,Sales,2,Life Sciences,4,Male,43,1,2,Sales Executive,4,5071,20392,3,No,20,4,8,3,6,2,0,0
55,Yes,Travel_Rarely,Sales,13,Marketing,1,Male,85,4,4,Sales Executive,3,13695,9277,6,Yes,17,3,24,2,19,7,3,8
56,No,Travel_Rarely,Research & Development,23,Life Sciences,4,Male,68,3,4,Manufacturing Director,2,13402,18235,4,Yes,12,3,33,3,19,16,15,9
34,No,Non-Travel,Research & Development,26,Technical Degree,1,Female,92,2,1,Research Scientist,3,2029,15891,1,No,20,4,5,3,5,4,0,0
40,No,Travel_Rarely,Research & Development,2,Medical,2,Female,89,4,2,Healthcare Representative,3,6377,13888,5,No,20,4,15,3,12,11,11,8
34,No,Travel_Rarely,Research & Development,29,Medical,2,Male,86,3,2,Laboratory Technician,3,5429,17491,4,No,13,3,10,3,8,7,7,7
31,Yes,Travel_Frequently,Sales,2,Life Sciences,3,Female,90,2,1,Sales Representative,4,2785,11882,7,No,14,3,3,4,1,0,0,0
35,Yes,Travel_Frequently,Sales,18,Marketing,4,Female,67,3,2,Sales Executive,3,4614,23288,0,Yes,18,3,5,2,4,2,3,2
38,No,Travel_Frequently,Research & Development,7,Life Sciences,4,Male,57,4,1,Research Scientist,3,2610,15748,1,No,11,3,4,3,4,2,0,3
34,No,Travel_Rarely,Research & Development,2,Technical Degree,3,Female,98,3,2,Healthcare Representative,4,6687,6163,1,No,11,3,14,4,14,11,4,11
28,No,Travel_Rarely,Sales,26,Life Sciences,3,Male,48,2,2,Sales Executive,1,4724,24232,1,No,11,3,5,3,5,3,0,4
31,Yes,Travel_Rarely,Research & Development,22,Medical,4,Male,98,3,2,Manufacturing Director,3,6179,21057,1,Yes,15,3,10,2,10,2,6,7
39,No,Travel_Rarely,Sales,21,Life Sciences,1,Male,44,2,2,Sales Executive,4,6120,3567,3,Yes,12,3,8,4,5,4,1,4
51,No,Travel_Frequently,Sales,2,Marketing,2,Male,52,3,3,Sales Executive,2,10596,15395,2,No,11,3,14,3,4,2,3,2
41,No,Travel_Frequently,Research & Development,22,Life Sciences,4,Female,75,3,2,Research Scientist,4,5467,13953,3,Yes,14,3,12,2,6,2,3,3
37,No,Travel_Rarely,Research & Development,4,Life Sciences,3,Male,54,3,1,Research Scientist,3,2996,5182,7,Yes,15,3,8,3,6,4,1,3
33,No,Travel_Frequently,Sales,5,Life Sciences,2,Male,61,3,2,Sales Executive,4,9998,19293,6,No,13,3,8,4,5,4,1,2
32,No,Travel_Rarely,Sales,2,Marketing,3,Male,36,3,2,Sales Executive,2,4078,20497,0,Yes,13,3,4,2,3,2,1,2
39,No,Non-Travel,Research & Development,25,Life Sciences,3,Male,71,3,3,Healthcare Representative,3,10920,3449,3,No,21,4,13,3,6,4,0,5
25,No,Travel_Rarely,Sales,18,Life Sciences,1,Male,93,4,2,Sales Executive,3,6232,12477,2,No,11,3,6,2,3,2,1,2
52,No,Travel_Frequently,Research & Development,28,Medical,4,Female,59,4,4,Manufacturing Director,3,13247,9731,2,Yes,11,3,24,2,5,3,0,2
43,No,Travel_Rarely,Research & Development,6,Medical,1,Female,73,2,2,Research Scientist,3,4081,20003,1,Yes,14,3,20,1,20,7,1,8
27,No,Travel_Rarely,Sales,10,Marketing,4,Female,98,2,2,Sales Executive,4,5769,7100,1,Yes,11,3,6,3,6,2,4,4
27,Yes,Travel_Rarely,Research & Development,17,Life Sciences,4,Female,51,3,1,Research Scientist,3,2394,25681,1,Yes,13,3,8,3,8,2,7,7
26,No,Travel_Rarely,Research & Development,2,Medical,1,Male,36,2,1,Research Scientist,4,3904,4050,0,No,12,3,5,3,4,3,1,1
42,No,Travel_Rarely,Human Resources,10,Human Resources,3,Female,31,3,4,Manager,1,16799,16616,0,No,14,3,21,3,20,7,0,9
52,No,Travel_Rarely,Research & Development,8,Other,3,Female,54,3,1,Laboratory Technician,1,2950,17363,9,No,13,3,12,1,5,4,0,4
37,No,Travel_Rarely,Research & Development,11,Medical,1,Female,94,3,1,Laboratory Technician,3,3629,19106,4,No,18,3,8,3,3,2,0,2
35,No,Travel_Frequently,Research & Development,18,Life Sciences,3,Male,60,3,3,Manufacturing Director,4,9362,19944,2,No,11,3,10,3,2,2,2,2
25,No,Travel_Rarely,Research & Development,1,Technical Degree,1,Male,81,3,1,Laboratory Technician,4,3229,4910,4,No,11,3,7,2,3,2,0,2
26,No,Travel_Rarely,Research & Development,7,Other,3,Male,100,4,1,Laboratory Technician,1,3578,23577,0,No,12,3,8,3,7,7,0,7
29,No,Travel_Rarely,Human Resources,17,Other,2,Male,51,2,3,Human Resources,1,7988,9769,1,No,13,3,10,2,10,9,0,9
49,Yes,Travel_Frequently,Research & Development,28,Life Sciences,1,Male,97,2,2,Laboratory Technician,1,4284,22710,3,No,20,4,20,3,4,3,1,3
29,Yes,Travel_Frequently,Research & Development,14,Other,3,Female,84,3,3,Healthcare Representative,4,7553,22930,0,Yes,12,3,9,3,8,7,7,7
54,No,Travel_Rarely,Research & Development,1,Medical,4,Female,54,3,4,Research Director,4,17328,5652,6,No,19,3,29,2,20,7,12,7
58,No,Travel_Rarely,Research & Development,1,Medical,4,Female,76,3,5,Research Director,1,19701,22456,3,Yes,21,4,32,3,9,8,1,5
55,No,Travel_Rarely,Research & Development,1,Medical,2,Male,81,4,4,Research Director,4,14732,12414,2,No,13,3,31,4,7,7,0,0
36,No,Travel_Rarely,Sales,3,Marketing,1,Female,99,3,2,Sales Executive,2,9278,20763,3,Yes,16,3,15,3,5,4,0,1
31,Yes,Travel_Frequently,Sales,1,Life Sciences,2,Female,50,1,1,Sales Representative,3,1359,16154,1,No,12,3,1,3,1,0,0,0
30,No,Travel_Rarely,Sales,7,Marketing,4,Female,73,3,2,Sales Executive,1,4779,12761,7,No,14,3,8,3,3,2,0,2
31,No,Travel_Rarely,Research & Development,8,Life Sciences,1,Female,93,3,4,Research Director,2,16422,8847,3,No,11,3,9,4,3,2,1,0
34,No,Travel_Frequently,Research & Development,1,Other,4,Male,91,3,1,Research Scientist,1,2996,20284,5,No,14,3,10,3,4,3,1,3
31,Yes,Travel_Rarely,Research & Development,8,Life Sciences,1,Female,34,2,1,Research Scientist,2,1261,22262,1,No,12,3,1,4,1,0,0,0
27,No,Travel_Rarely,Research & Development,11,Life Sciences,2,Male,91,3,1,Laboratory Technician,1,2099,7679,0,No,14,3,6,4,5,0,1,4
36,No,Travel_Rarely,Research & Development,4,Life Sciences,1,Male,37,2,2,Laboratory Technician,4,5810,22604,1,No,16,3,10,2,10,4,1,8
36,No,Travel_Rarely,Sales,16,Marketing,3,Female,98,2,2,Sales Executive,1,5647,13494,4,No,13,3,11,2,3,2,0,2
47,No,Travel_Rarely,Research & Development,1,Technical Degree,1,Male,74,3,1,Research Scientist,4,3420,10205,7,No,12,3,17,2,6,5,1,2
25,Yes,Travel_Rarely,Sales,9,Life Sciences,1,Male,68,2,1,Sales Representative,1,4400,15182,3,No,12,3,6,3,3,2,2,2
37,No,Non-Travel,Research & Development,5,Technical Degree,3,Male,84,4,1,Laboratory Technician,3,3500,25470,0,No,14,3,7,1,6,5,1,3
56,No,Travel_Rarely,Research & Development,1,Life Sciences,1,Female,90,3,1,Research Scientist,1,2066,10494,2,No,22,4,5,4,3,2,1,0
47,No,Travel_Rarely,Research & Development,2,Medical,1,Female,82,3,4,Research Director,3,17169,26703,3,No,19,3,26,4,20,17,5,6
24,No,Travel_Rarely,Sales,4,Medical,4,Female,42,3,2,Sales Executive,3,4162,15211,1,Yes,12,3,5,3,5,4,0,3
32,No,Travel_Rarely,Sales,7,Marketing,4,Male,97,3,2,Sales Executive,4,9204,23343,4,No,12,3,7,2,4,3,0,3
34,No,Travel_Rarely,Research & Development,1,Life Sciences,4,Female,86,2,1,Laboratory Technician,2,3294,3708,5,No,17,3,7,2,5,4,0,2
41,No,Travel_Rarely,Research & Development,5,Medical,2,Male,90,4,1,Research Scientist,3,2127,5561,2,Yes,12,3,7,2,4,2,0,3
40,No,Non-Travel,Research & Development,9,Other,3,Male,81,3,2,Laboratory Technician,3,3975,23099,3,No,11,3,11,4,8,7,0,7
31,No,Travel_Rarely,Sales,8,Life Sciences,1,Male,31,3,3,Sales Executive,4,10793,8386,1,No,18,3,13,3,13,7,9,9
46,Yes,Travel_Rarely,Sales,9,Marketing,1,Male,52,3,3,Sales Executive,4,10096,15986,4,No,11,3,28,4,7,7,4,3
39,Yes,Non-Travel,Research & Development,2,Life Sciences,1,Female,54,2,1,Laboratory Technician,1,3646,17181,2,Yes,23,4,11,4,1,0,0,0
31,Yes,Travel_Frequently,Research & Development,1,Life Sciences,3,Female,100,4,3,Manufacturing Director,2,7446,8931,1,No,11,3,10,3,10,8,4,7
45,No,Travel_Rarely,Research & Development,20,Medical,2,Male,95,1,3,Healthcare Representative,1,10851,19863,2,Yes,18,3,24,3,7,7,0,7
31,No,Travel_Rarely,Human Resources,8,Medical,4,Female,96,4,1,Human Resources,2,2109,24609,9,No,18,3,8,3,3,2,0,2
31,Yes,Travel_Frequently,Research & Development,2,Life Sciences,2,Male,94,3,1,Laboratory Technician,4,3722,21081,6,Yes,13,3,7,1,2,2,2,2
45,No,Travel_Rarely,Research & Development,29,Technical Degree,2,Male,55,3,3,Manufacturing Director,4,9380,14720,4,Yes,18,3,10,4,3,1,1,2
48,No,Travel_Rarely,Sales,7,Marketing,3,Male,96,3,2,Sales Executive,1,5486,24795,4,No,11,3,15,3,2,2,2,2
34,Yes,Travel_Rarely,Human Resources,9,Technical Degree,1,Female,52,3,1,Human Resources,3,2742,3072,1,No,15,3,2,3,2,2,2,2
40,No,Non-Travel,Research & Development,8,Medical,4,Male,55,2,3,Research Director,2,13757,25178,2,No,11,3,16,3,9,8,4,8
28,No,Travel_Rarely,Sales,5,Medical,4,Male,84,3,2,Sales Executive,1,8463,23490,0,No,18,3,6,3,5,4,1,3
44,No,Non-Travel,Research & Development,5,Life Sciences,3,Male,90,2,1,Laboratory Technician,3,3162,7973,3,No,14,3,7,3,5,2,0,3
53,No,Travel_Rarely,Research & Development,2,Medical,4,Male,39,4,4,Research Director,2,16598,19764,4,No,12,3,35,2,9,8,8,8
49,No,Travel_Rarely,Research & Development,5,Technical Degree,1,Male,96,3,2,Healthcare Representative,3,6651,21534,2,No,14,3,20,2,3,2,1,2
40,No,Travel_Rarely,Research & Development,2,Medical,3,Male,68,3,1,Research Scientist,3,2345,8045,2,No,14,3,8,4,3,1,1,2
44,No,Travel_Rarely,Research & Development,20,Life Sciences,4,Male,49,3,1,Research Scientist,2,3420,21158,1,No,13,3,6,2,5,2,1,3
33,No,Travel_Frequently,Sales,7,Medical,4,Male,54,3,2,Sales Executive,1,4373,17456,0,No,14,3,5,3,4,3,0,3
34,No,Travel_Rarely,Sales,3,Other,4,Male,81,1,2,Sales Executive,1,4759,15891,3,No,18,3,15,3,13,9,3,12
30,No,Travel_Rarely,Sales,16,Life Sciences,4,Male,96,3,2,Sales Executive,3,5301,2939,8,No,15,3,4,2,2,1,2,2
42,No,Travel_Frequently,Research & Development,9,Medical,1,Female,74,3,1,Laboratory Technician,4,3673,16458,1,No,13,3,12,3,12,9,5,8
44,No,Travel_Frequently,Sales,1,Marketing,1,Female,79,3,2,Sales Executive,3,4768,9282,7,No,12,3,11,2,1,0,0,0
30,No,Non-Travel,Research & Development,7,Technical Degree,3,Male,64,3,1,Research Scientist,3,1274,7152,1,No,13,3,1,2,1,0,0,0
57,No,Travel_Rarely,Research & Development,1,Life Sciences,2,Male,93,4,2,Research Scientist,3,4900,2721,0,No,24,4,13,2,12,9,2,8
49,No,Travel_Rarely,Research & Development,7,Life Sciences,3,Male,35,3,3,Healthcare Representative,2,10466,20948,3,No,14,3,29,3,8,7,0,7
34,No,Travel_Frequently,Research & Development,15,Medical,2,Male,71,3,4,Research Director,1,17007,11929,7,No,14,3,16,2,14,8,6,9
28,Yes,Travel_Frequently,Sales,1,Technical Degree,1,Male,92,3,1,Sales Representative,3,2909,15747,3,No,15,3,5,4,3,2,1,2
29,Yes,Travel_Frequently,Sales,13,Technical Degree,1,Female,51,3,2,Sales Executive,2,5765,17485,5,No,11,3,7,1,5,3,0,0
34,Yes,Travel_Rarely,Sales,24,Medical,1,Female,40,2,2,Sales Executive,2,4599,7815,0,Yes,23,4,16,4,15,9,10,10
35,No,Travel_Rarely,Sales,7,Life Sciences,4,Male,76,3,1,Sales Representative,3,2404,16192,1,No,13,3,1,3,1,0,0,0
24,Yes,Travel_Frequently,Research & Development,9,Medical,2,Male,89,3,1,Laboratory Technician,1,3172,16998,2,Yes,11,3,4,2,0,0,0,0
24,No,Non-Travel,Sales,13,Life Sciences,4,Female,78,3,1,Sales Representative,2,2033,7103,1,No,13,3,1,3,1,0,0,0
44,No,Travel_Frequently,Research & Development,2,Medical,2,Male,86,3,3,Manufacturing Director,3,10209,19719,5,Yes,18,3,16,2,2,2,2,2
29,No,Travel_Rarely,Sales,19,Life Sciences,3,Male,77,2,2,Sales Executive,3,8620,23757,1,No,14,3,10,3,10,7,0,4
30,No,Travel_Rarely,Human Resources,1,Life Sciences,3,Male,46,3,1,Human Resources,3,2064,15428,0,No,21,4,6,4,5,3,1,3
55,No,Travel_Rarely,Research & Development,4,Life Sciences,4,Male,30,3,2,Healthcare Representative,3,4035,16143,0,Yes,16,3,4,3,3,2,1,2
33,No,Travel_Rarely,Research & Development,4,Medical,1,Female,82,2,1,Laboratory Technician,2,3838,8192,8,No,11,3,8,3,5,4,0,2
47,No,Travel_Rarely,Sales,14,Medical,3,Female,78,3,2,Sales Executive,3,4591,24200,3,Yes,17,3,11,2,5,4,1,2
28,Yes,Travel_Frequently,Research & Development,2,Medical,3,Male,38,2,1,Laboratory Technician,1,2561,5355,7,No,11,3,8,2,0,0,0,0
28,No,Travel_Rarely,Research & Development,1,Life Sciences,1,Male,72,2,1,Research Scientist,3,1563,12530,1,No,14,3,1,1,1,0,0,0
28,No,Travel_Frequently,Sales,7,Life Sciences,3,Male,55,3,2,Sales Executive,1,4898,11827,0,No,14,3,5,3,4,2,1,3
49,No,Travel_Rarely,Research & Development,3,Medical,3,Female,43,2,2,Laboratory Technician,1,4789,23070,4,No,25,4,10,3,3,2,1,2
29,No,Travel_Frequently,Research & Development,2,Life Sciences,4,Female,97,3,1,Laboratory Technician,2,3180,4668,0,No,13,3,4,3,3,2,0,2
28,No,Travel_Rarely,Research & Development,29,Life Sciences,3,Male,96,1,2,Manufacturing Director,2,6549,3173,1,No,14,3,8,2,8,6,1,7
33,No,Travel_Rarely,Research & Development,8,Life Sciences,4,Male,69,3,2,Healthcare Representative,3,6388,22049,2,Yes,17,3,14,3,0,0,0,0
32,No,Travel_Rarely,Research & Development,10,Medical,3,Male,64,3,3,Manager,4,11244,21072,2,No,25,4,10,4,5,2,0,0
54,No,Travel_Frequently,Research & Development,11,Medical,2,Female,87,3,4,Manager,4,16032,24456,3,No,20,4,26,3,14,9,1,12
29,Yes,Travel_Rarely,Research & Development,1,Technical Degree,1,Male,100,2,1,Research Scientist,1,2362,7568,6,No,13,3,11,1,9,7,0,7
44,No,Travel_Rarely,Research & Development,28,Life Sciences,4,Male,32,3,4,Research Director,1,16328,22074,3,No,13,3,24,4,20,6,14,17
39,No,Travel_Rarely,Research & Development,6,Life Sciences,2,Female,32,3,3,Manufacturing Director,2,8376,9150,4,No,18,3,9,3,2,0,2,2
46,No,Travel_Rarely,Sales,3,Life Sciences,3,Female,51,3,4,Manager,2,16606,11380,8,No,12,3,23,4,13,12,5,1
35,No,Travel_Rarely,Research & Development,16,Life Sciences,4,Female,91,2,3,Healthcare Representative,2,8606,21195,1,No,19,3,11,1,11,8,3,3
23,No,Travel_Rarely,Research & Development,20,Life Sciences,1,Male,97,3,2,Laboratory Technician,3,2272,24812,0,No,14,3,5,3,4,3,1,2
40,Yes,Travel_Rarely,Research & Development,9,Life Sciences,4,Male,86,3,1,Laboratory Technician,1,2018,21831,3,No,14,3,15,1,5,4,1,0
34,No,Travel_Rarely,Sales,1,Technical Degree,4,Male,64,2,3,Sales Executive,3,7083,12288,1,Yes,14,3,10,3,10,9,8,6
31,Yes,Travel_Frequently,Research & Development,3,Life Sciences,4,Female,33,3,1,Research Scientist,3,4084,4156,1,No,12,3,7,1,7,2,7,7
50,No,Travel_Frequently,Research & Development,22,Medical,3,Male,88,1,4,Research Director,4,14411,24450,1,Yes,13,3,32,3,32,6,13,9
34,No,Travel_Rarely,Sales,7,Technical Degree,2,Male,55,3,1,Sales Representative,3,2308,4944,0,Yes,25,4,12,3,11,10,5,7
42,No,Travel_Rarely,Research & Development,2,Medical,3,Male,68,2,1,Laboratory Technician,2,4841,24052,4,No,14,3,4,3,1,0,0,0
37,No,Travel_Rarely,Research & Development,13,Medical,1,Male,47,3,2,Research Scientist,4,4285,3031,1,No,17,3,10,3,10,8,3,7
29,No,Travel_Rarely,Research & Development,8,Other,3,Female,39,1,2,Healthcare Representative,1,9715,7288,3,No,13,3,9,3,7,7,0,7
33,No,Travel_Rarely,Research & Development,25,Life Sciences,4,Male,44,2,2,Manufacturing Director,2,4320,24152,1,No,13,3,5,3,5,3,0,2
45,No,Travel_Rarely,Research & Development,28,Technical Degree,4,Male,97,3,1,Research Scientist,4,2132,4585,4,No,20,4,8,3,5,4,0,3
42,No,Travel_Frequently,Research & Development,2,Life Sciences,4,Male,40,3,3,Healthcare Representative,4,10124,18611,2,Yes,14,3,24,1,20,8,13,9
40,No,Travel_Rarely,Sales,9,Medical,1,Male,47,3,2,Sales Executive,1,5473,19345,0,No,12,3,9,4,8,4,7,1
33,No,Travel_Rarely,Research & Development,28,Life Sciences,2,Male,79,3,2,Laboratory Technician,3,5207,22949,1,Yes,12,3,15,3,15,14,5,7
40,No,Travel_Rarely,Human Resources,6,Medical,3,Male,38,3,4,Manager,4,16437,17381,1,Yes,21,4,21,3,21,7,7,7
24,No,Travel_Rarely,Research & Development,21,Technical Degree,3,Male,57,2,1,Laboratory Technician,1,2296,10036,0,No,14,3,2,3,1,1,0,0
40,No,Non-Travel,Research & Development,8,Life Sciences,4,Male,72,3,2,Healthcare Representative,4,4069,8841,3,Yes,18,3,8,3,2,2,2,2
45,No,Travel_Rarely,Research & Development,1,Technical Degree,1,Male,66,3,3,Healthcare Representative,2,7441,20933,1,No,12,3,10,3,10,8,7,7
35,No,Travel_Rarely,Sales,28,Life Sciences,2,Female,98,2,1,Sales Representative,3,2430,26204,0,No,23,4,6,3,5,3,4,2
32,No,Travel_Rarely,Research & Development,5,Life Sciences,4,Female,67,2,2,Research Scientist,2,5878,15624,3,No,12,3,12,3,7,1,2,5
36,No,Travel_Rarely,Sales,2,Life Sciences,3,Male,70,3,1,Sales Representative,4,2644,17001,3,Yes,21,4,7,2,3,2,1,2
48,No,Travel_Rarely,Sales,16,Life Sciences,3,Female,96,3,2,Sales Executive,3,6439,13693,8,No,14,3,18,3,8,7,7,7
29,No,Travel_Rarely,Research & Development,9,Life Sciences,3,Male,91,4,1,Research Scientist,3,2451,22376,6,No,18,3,5,2,1,0,0,0
33,No,Travel_Rarely,Sales,8,Life Sciences,1,Male,46,3,2,Sales Executive,1,6392,10589,2,No,13,3,8,1,2,2,2,2
30,Yes,Travel_Rarely,Sales,1,Life Sciences,2,Male,64,2,2,Sales Executive,1,9714,5323,1,No,11,3,10,3,10,8,6,7
38,No,Travel_Frequently,Human Resources,10,Human Resources,3,Male,71,3,2,Human Resources,3,6077,14814,3,No,11,3,10,3,6,3,1,2
35,No,Travel_Rarely,Research & Development,1,Medical,4,Male,68,2,1,Laboratory Technician,1,2450,21731,1,No,19,3,3,3,3,0,1,2
30,No,Travel_Rarely,Sales,29,Technical Degree,3,Male,33,3,3,Sales Executive,2,9250,17799,3,No,12,3,9,3,4,2,1,3
35,Yes,Travel_Rarely,Research & Development,2,Life Sciences,1,Female,69,3,1,Laboratory Technician,1,2074,26619,1,Yes,12,3,1,3,1,0,0,0
53,Yes,Travel_Rarely,Research & Development,2,Technical Degree,3,Female,78,2,3,Manufacturing Director,4,10169,14618,0,No,16,3,34,3,33,7,1,9
38,Yes,Travel_Rarely,Research & Development,2,Medical,3,Male,81,3,2,Manufacturing Director,2,4855,7653,4,No,11,3,7,3,5,2,1,4
32,No,Non-Travel,Research & Development,1,Technical Degree,4,Male,62,3,2,Research Scientist,1,4087,25174,4,No,14,3,9,2,6,5,1,2
48,No,Travel_Rarely,Research & Development,15,Other,3,Female,65,3,1,Research Scientist,1,2367,16530,8,No,12,3,10,2,8,2,7,6
34,No,Travel_Rarely,Research & Development,7,Medical,1,Male,35,3,1,Research Scientist,4,2972,22061,1,No,13,3,1,1,1,0,0,0
55,No,Travel_Rarely,Sales,26,Marketing,3,Male,60,2,5,Manager,4,19586,23037,1,No,21,4,36,3,36,6,2,13
34,No,Travel_Rarely,Research & Development,1,Life Sciences,2,Male,45,3,2,Research Scientist,4,5484,13008,9,No,17,3,9,2,2,2,2,1
26,No,Travel_Rarely,Research & Development,3,Life Sciences,1,Female,89,3,1,Research Scientist,4,2061,11133,1,No,21,4,1,3,1,0,0,0
38,No,Travel_Rarely,Sales,14,Life Sciences,3,Male,80,3,2,Sales Executive,2,9924,12355,0,No,11,3,10,3,9,8,7,7
38,No,Travel_Rarely,Sales,16,Life Sciences,2,Female,90,3,2,Sales Executive,2,4198,16379,2,No,12,3,8,4,3,2,1,2
36,No,Travel_Rarely,Sales,1,Life Sciences,2,Female,73,3,2,Sales Executive,3,6815,21447,6,No,13,3,15,3,1,0,0,0
29,No,Travel_Rarely,Research & Development,3,Medical,2,Male,87,3,1,Laboratory Technician,1,4723,16213,1,Yes,18,3,10,3,10,9,1,5
35,No,Travel_Rarely,Research & Development,10,Medical,1,Female,51,3,2,Healthcare Representative,3,6142,4223,3,Yes,16,3,10,3,5,2,0,4
39,No,Travel_Rarely,Sales,6,Medical,4,Male,38,4,3,Sales Executive,3,8237,4658,2,No,11,3,11,3,7,6,7,6
29,No,Travel_Frequently,Research & Development,2,Life Sciences,1,Male,87,3,2,Healthcare Representative,4,8853,24483,1,No,19,3,6,4,6,4,1,3
50,No,Travel_Rarely,Sales,9,Marketing,3,Male,59,3,5,Manager,3,19331,19519,4,Yes,16,3,27,3,1,0,0,0
23,No,Travel_Rarely,Research & Development,10,Technical Degree,4,Male,45,4,1,Research Scientist,3,2073,12826,2,No,16,3,4,3,2,2,2,2
36,No,Travel_Frequently,Research & Development,6,Life Sciences,1,Male,80,4,2,Laboratory Technician,1,5562,19711,3,Yes,13,3,9,3,3,2,0,2
42,No,Travel_Rarely,Research & Development,9,Other,4,Male,93,2,5,Manager,4,19613,26362,8,No,22,4,24,3,1,0,0,1
35,No,Travel_Rarely,Research & Development,28,Life Sciences,2,Male,46,4,2,Laboratory Technician,3,3407,25348,1,No,17,3,10,2,10,9,6,8
34,No,Travel_Frequently,Research & Development,10,Technical Degree,4,Male,92,2,2,Healthcare Representative,3,5063,15332,1,No,14,3,8,2,8,2,7,7
40,No,Travel_Rarely,Sales,14,Life Sciences,4,Female,84,3,2,Sales Executive,1,4639,11262,1,No,15,3,5,3,5,4,1,2
43,No,Travel_Rarely,Research & Development,27,Technical Degree,4,Male,87,4,1,Laboratory Technician,2,4876,5855,5,No,12,3,8,3,6,4,0,2
35,No,Travel_Rarely,Research & Development,7,Life Sciences,3,Male,63,2,1,Laboratory Technician,4,2690,7713,1,No,18,3,1,2,1,0,0,1
46,No,Travel_Rarely,Sales,1,Life Sciences,4,Male,56,4,4,Manager,1,17567,3156,1,No,15,3,27,1,26,0,0,12
28,Yes,Travel_Rarely,Research & Development,24,Medical,3,Male,51,3,1,Laboratory Technician,2,2408,7324,1,Yes,17,3,1,3,1,1,0,0
22,No,Non-Travel,Research & Development,26,Other,2,Female,85,2,1,Research Scientist,3,2814,10293,1,Yes,14,3,4,2,4,2,1,3
50,No,Travel_Frequently,Research & Development,20,Medical,2,Male,41,3,4,Healthcare Representative,3,11245,20689,2,Yes,15,3,32,3,30,8,12,13
32,No,Travel_Rarely,Research & Development,5,Other,2,Female,35,4,1,Research Scientist,4,3312,18783,3,No,17,3,6,3,3,2,0,2
44,No,Travel_Rarely,Research & Development,7,Medical,2,Female,31,3,5,Research Director,4,19049,3549,0,Yes,14,3,23,2,22,7,1,10
30,No,Travel_Rarely,Research & Development,7,Medical,2,Male,48,2,1,Research Scientist,2,2141,5348,1,No,12,3,6,2,6,4,1,1
45,No,Travel_Rarely,Research & Development,5,Medical,3,Female,50,1,2,Laboratory Technician,1,5769,23447,1,Yes,14,3,10,3,10,7,1,4
45,No,Non-Travel,Sales,26,Marketing,1,Male,52,2,2,Sales Executive,1,4385,24162,1,No,15,3,10,3,10,7,4,5
31,No,Travel_Frequently,Sales,2,Other,4,Male,54,3,2,Sales Executive,1,5332,21602,7,No,13,3,10,3,5,2,0,3
36,No,Travel_Rarely,Research & Development,12,Life Sciences,3,Female,76,3,2,Manufacturing Director,3,4663,12421,9,Yes,12,3,7,3,3,2,1,1
34,No,Travel_Frequently,Research & Development,10,Life Sciences,3,Male,42,4,2,Manufacturing Director,4,4724,17000,1,No,13,3,9,3,9,7,7,2
49,No,Travel_Rarely,Research & Development,25,Life Sciences,3,Female,84,3,1,Laboratory Technician,1,3211,22102,1,No,14,3,10,2,9,6,1,4
39,No,Travel_Rarely,Research & Development,10,Medical,2,Male,76,3,2,Manufacturing Director,1,5377,3835,2,No,13,3,10,3,7,7,7,7
27,No,Travel_Rarely,Research & Development,19,Other,4,Male,67,2,1,Laboratory Technician,1,4066,16290,1,No,11,3,7,3,7,7,0,7
35,No,Travel_Rarely,Research & Development,18,Life Sciences,2,Male,48,4,2,Research Scientist,1,5208,26312,1,No,11,3,16,3,16,15,1,10
28,No,Travel_Rarely,Research & Development,27,Medical,2,Female,39,1,2,Manufacturing Director,1,4877,20460,0,No,21,4,6,2,5,3,0,0
21,No,Travel_Rarely,Research & Development,5,Medical,3,Male,97,3,1,Research Scientist,4,3117,26009,1,No,18,3,3,3,2,2,2,2
18,Yes,Travel_Frequently,Sales,3,Medical,2,Female,70,3,1,Sales Representative,4,1569,18420,1,Yes,12,3,0,4,0,0,0,0
47,No,Travel_Rarely,Human Resources,26,Life Sciences,4,Female,98,3,5,Manager,3,19658,5220,3,No,11,3,27,3,5,2,1,0
39,No,Travel_Rarely,Research & Development,3,Medical,3,Male,76,2,2,Laboratory Technician,3,3069,10302,0,No,15,3,11,3,10,8,0,7
40,No,Travel_Rarely,Research & Development,15,Life Sciences,1,Female,80,2,3,Manufacturing Director,3,10435,25800,1,No,13,3,18,3,18,15,14,12
35,No,Non-Travel,Research & Development,8,Life Sciences,3,Female,52,3,2,Healthcare Representative,3,4148,12250,1,No,12,3,15,3,14,11,2,9
37,No,Travel_Rarely,Research & Development,19,Life Sciences,3,Male,85,3,2,Manufacturing Director,3,5768,26493,3,No,17,3,9,2,4,3,0,2
39,No,Travel_Frequently,Research & Development,4,Medical,1,Female,81,3,2,Manufacturing Director,3,5042,3140,0,No,13,3,10,1,9,2,3,8
45,No,Travel_Rarely,Research & Development,2,Other,4,Female,59,2,2,Manufacturing Director,4,5770,5388,1,No,19,3,10,3,10,7,3,9
38,No,Travel_Rarely,Research & Development,2,Medical,4,Female,54,2,3,Manufacturing Director,3,7756,14199,3,Yes,19,3,10,4,5,4,0,2
35,Yes,Travel_Rarely,Sales,10,Medical,4,Male,55,2,3,Sales Executive,1,10306,21530,9,No,17,3,15,3,13,12,6,0
37,No,Travel_Rarely,Research & Development,10,Medical,2,Female,71,3,1,Research Scientist,2,3936,9953,1,No,11,3,8,1,8,4,7,7
40,No,Travel_Rarely,Research & Development,16,Life Sciences,3,Female,84,3,3,Manufacturing Director,4,7945,19948,6,Yes,15,3,18,2,4,2,3,3
44,No,Travel_Frequently,Human Resources,1,Human Resources,1,Male,37,3,2,Human Resources,4,5743,10503,4,Yes,11,3,14,3,10,7,0,2
48,No,Travel_Frequently,Research & Development,4,Medical,3,Male,89,2,4,Manager,4,15202,5602,2,No,25,4,23,3,2,2,2,2
35,Yes,Travel_Rarely,Sales,15,Medical,1,Male,59,1,2,Sales Executive,4,5440,22098,6,Yes,14,3,7,2,2,2,2,2
24,No,Travel_Frequently,Research & Development,2,Technical Degree,1,Female,32,3,1,Research Scientist,4,3760,17218,1,Yes,13,3,6,3,6,3,1,3
27,No,Travel_Rarely,Research & Development,8,Medical,2,Female,86,4,1,Research Scientist,3,3517,22490,7,No,17,3,5,3,3,2,0,2
27,No,Travel_Frequently,Research & Development,2,Medical,4,Male,87,3,1,Research Scientist,4,2580,6297,2,No,13,3,6,2,4,2,1,2
40,Yes,Travel_Rarely,Research & Development,7,Life Sciences,1,Male,73,3,1,Laboratory Technician,1,2166,3339,3,Yes,14,3,10,1,4,2,0,3
29,No,Travel_Rarely,Sales,10,Medical,3,Male,42,2,2,Sales Executive,3,5869,23413,9,No,11,3,8,3,5,2,1,4
36,No,Travel_Rarely,Research & Development,5,Life Sciences,2,Female,42,3,3,Healthcare Representative,1,8008,22792,4,No,12,3,9,3,3,2,0,2
25,No,Travel_Frequently,Research & Development,2,Life Sciences,4,Male,77,4,2,Manufacturing Director,3,5206,4973,1,No,17,3,7,3,7,7,0,7
39,No,Travel_Rarely,Research & Development,12,Medical,4,Male,66,3,2,Manufacturing Director,2,5295,7693,4,No,21,4,7,3,5,4,1,0
49,No,Travel_Rarely,Research & Development,22,Other,1,Female,72,3,4,Research Director,2,16413,3498,3,No,16,3,27,3,4,2,1,2
50,No,Travel_Rarely,Research & Development,17,Life Sciences,4,Female,50,2,3,Research Director,1,13269,21981,5,No,15,3,19,3,14,11,1,11
20,No,Travel_Rarely,Sales,2,Medical,3,Female,31,3,1,Sales Representative,3,2783,13251,1,No,19,3,2,3,2,2,2,2
34,No,Travel_Rarely,Research & Development,3,Life Sciences,4,Female,66,3,2,Research Scientist,2,5433,19332,1,No,12,3,11,3,11,8,7,9
36,No,Travel_Rarely,Research & Development,7,Life Sciences,1,Male,77,3,1,Laboratory Technician,2,2013,10950,2,No,11,3,15,3,4,3,1,3
49,No,Travel_Rarely,Research & Development,6,Life Sciences,3,Female,41,2,4,Healthcare Representative,3,13966,11652,2,Yes,19,3,30,3,15,11,2,12
36,No,Non-Travel,Research & Development,1,Medical,4,Female,33,2,2,Manufacturing Director,3,4374,15411,0,No,15,3,4,3,3,2,1,2
36,No,Travel_Rarely,Research & Development,3,Life Sciences,4,Male,79,4,2,Healthcare Representative,1,6842,26308,6,No,20,4,13,3,5,4,0,4
54,No,Travel_Rarely,Research & Development,22,Medical,2,Female,91,3,4,Manager,3,17426,18685,3,No,25,4,36,3,10,8,4,7
43,No,Travel_Rarely,Research & Development,15,Life Sciences,3,Male,65,2,4,Research Director,3,17603,3525,1,No,24,4,14,3,14,10,6,11
35,Yes,Travel_Frequently,Sales,12,Other,4,Male,36,3,2,Sales Executive,4,4581,10414,3,Yes,24,4,13,4,11,9,6,7
38,No,Travel_Frequently,Research & Development,1,Life Sciences,4,Male,90,3,2,Research Scientist,4,4735,9867,7,No,15,3,19,4,13,11,2,9
29,No,Travel_Rarely,Sales,5,Medical,1,Male,43,2,2,Sales Executive,2,4187,3356,1,Yes,13,3,10,2,10,0,0,9
33,No,Travel_Rarely,Sales,2,Medical,4,Male,93,3,2,Sales Executive,4,5505,3921,1,No,14,3,6,3,6,2,0,4
32,No,Travel_Rarely,Research & Development,2,Medical,4,Male,45,3,2,Research Scientist,2,5470,25518,0,No,13,3,10,2,9,5,1,6
31,No,Travel_Rarely,Sales,5,Life Sciences,1,Female,67,3,2,Sales Executive,4,5476,22589,1,No,11,3,10,3,10,0,0,2
49,No,Travel_Rarely,Research & Development,16,Medical,4,Female,74,3,1,Laboratory Technician,1,2587,24941,4,Yes,16,3,17,2,2,2,2,2
38,No,Travel_Frequently,Research & Development,2,Medical,4,Female,42,2,1,Laboratory Technician,2,2440,23826,1,No,22,4,4,3,4,3,3,3
47,No,Travel_Rarely,Sales,2,Life Sciences,2,Female,47,4,4,Manager,2,15972,21086,6,No,14,3,29,3,3,2,1,2
49,No,Travel_Rarely,Research & Development,1,Life Sciences,3,Male,36,3,4,Manager,3,15379,22384,4,No,14,3,23,3,8,7,0,0
41,No,Travel_Rarely,Sales,23,Life Sciences,4,Male,80,3,3,Sales Executive,3,7082,11591,3,Yes,16,3,21,3,2,0,0,2
20,No,Travel_Rarely,Sales,9,Life Sciences,4,Male,54,3,1,Sales Representative,1,2728,21082,1,No,11,3,2,3,2,2,0,2
33,No,Non-Travel,Sales,16,Life Sciences,3,Female,36,3,2,Sales Executive,4,5368,16130,1,Yes,25,4,7,3,6,5,1,2
36,No,Travel_Rarely,Research & Development,26,Life Sciences,1,Male,80,3,2,Healthcare Representative,3,5347,7419,6,No,14,3,10,2,3,2,0,2
44,No,Travel_Rarely,Human Resources,1,Life Sciences,3,Female,44,3,1,Human Resources,4,3195,4167,4,Yes,18,3,8,3,2,2,2,2
23,Yes,Travel_Rarely,Research & Development,8,Medical,4,Male,93,2,1,Laboratory Technician,3,3989,20586,1,Yes,11,3,5,3,5,4,1,2
38,No,Travel_Rarely,Research & Development,4,Medical,4,Female,87,3,1,Laboratory Technician,3,3306,26176,7,No,19,3,7,2,0,0,0,0
53,No,Travel_Rarely,Research & Development,24,Medical,2,Male,48,4,3,Healthcare Representative,4,7005,3458,3,No,15,3,11,3,4,3,1,2
48,Yes,Travel_Frequently,Sales,7,Medical,4,Female,95,3,1,Sales Representative,3,2655,11740,2,Yes,11,3,19,3,9,7,7,7
32,Yes,Travel_Rarely,Research & Development,2,Life Sciences,4,Male,95,3,1,Laboratory Technician,2,1393,24852,1,No,12,3,1,3,1,0,0,0
26,No,Non-Travel,Research & Development,7,Medical,4,Male,76,3,1,Laboratory Technician,4,2570,11925,1,No,20,4,7,3,7,7,5,7
55,No,Travel_Rarely,Research & Development,22,Technical Degree,1,Male,94,2,1,Research Scientist,2,3537,23737,5,No,12,3,8,3,4,2,1,2
34,No,Travel_Rarely,Research & Development,5,Medical,2,Male,57,2,2,Laboratory Technician,4,3986,11912,1,No,14,3,15,4,15,10,4,13
60,No,Travel_Rarely,Research & Development,1,Medical,3,Male,92,1,3,Healthcare Representative,4,10883,20467,3,No,20,4,19,4,1,0,0,0
33,No,Travel_Rarely,Research & Development,21,Medical,2,Male,79,4,1,Laboratory Technician,2,2028,13637,1,No,18,3,14,3,14,11,2,13
37,No,Travel_Frequently,Sales,1,Medical,3,Male,31,1,2,Sales Executive,4,9525,7677,1,No,14,3,6,2,6,3,1,3
34,No,Travel_Rarely,Research & Development,19,Life Sciences,2,Female,35,2,1,Research Scientist,4,2929,20338,1,No,12,3,10,3,10,9,8,7
23,Yes,Travel_Rarely,Sales,7,Life Sciences,3,Male,99,3,1,Sales Representative,4,2275,25103,1,Yes,21,4,3,3,3,2,0,2
44,No,Travel_Rarely,Research & Development,2,Life Sciences,3,Female,96,4,3,Healthcare Representative,4,7879,14810,1,Yes,19,3,9,3,8,7,6,7
35,No,Travel_Frequently,Research & Development,2,Medical,1,Male,79,2,1,Research Scientist,4,4930,13970,0,Yes,14,3,6,4,5,4,1,4
43,No,Travel_Rarely,Sales,2,Medical,4,Male,73,3,2,Sales Executive,4,7847,6069,1,Yes,17,3,10,3,10,9,8,8
24,No,Travel_Rarely,Research & Development,9,Medical,3,Male,62,4,1,Research Scientist,3,4401,17616,1,No,16,3,5,3,5,3,0,4
41,No,Travel_Rarely,Sales,6,Marketing,4,Male,35,3,3,Sales Executive,3,9241,15869,1,No,12,3,10,3,10,8,8,7
29,No,Travel_Rarely,Research & Development,9,Medical,4,Female,43,3,1,Laboratory Technician,3,2974,25412,9,No,17,3,9,3,5,3,1,2
36,No,Travel_Rarely,Sales,2,Life Sciences,3,Female,51,3,2,Sales Representative,4,4502,7439,3,No,15,3,17,2,13,7,6,7
45,No,Non-Travel,Research & Development,1,Life Sciences,3,Male,74,2,3,Healthcare Representative,3,10748,3395,3,No,23,4,25,2,23,15,14,4
24,Yes,Travel_Rarely,Human Resources,22,Human Resources,4,Male,58,1,1,Human Resources,3,1555,11585,1,No,11,3,1,3,1,0,0,0
47,Yes,Travel_Frequently,Sales,9,Life Sciences,3,Male,82,1,4,Sales Executive,3,12936,24164,7,No,11,3,25,1,23,5,14,10
26,No,Travel_Rarely,Research & Development,17,Medical,4,Male,62,1,1,Laboratory Technician,3,2305,6217,1,No,15,3,3,4,3,2,0,2
45,No,Travel_Rarely,Research & Development,28,Technical Degree,4,Female,48,2,4,Research Director,2,16704,17119,1,No,11,3,21,3,21,6,8,6
32,No,Travel_Frequently,Research & Development,10,Life Sciences,1,Male,56,3,1,Research Scientist,3,3433,17360,6,No,13,3,10,2,5,2,1,3
31,No,Travel_Rarely,Research & Development,2,Life Sciences,2,Male,69,3,1,Laboratory Technician,3,3477,18103,1,No,14,3,6,4,5,2,0,3
41,No,Non-Travel,Human Resources,4,Human Resources,3,Male,60,1,2,Human Resources,2,6430,20794,6,No,19,3,10,3,3,2,1,2
40,No,Travel_Rarely,Research & Development,8,Life Sciences,2,Female,92,3,2,Manufacturing Director,1,6516,5041,2,Yes,16,3,18,3,1,0,0,0
24,No,Travel_Rarely,Research & Development,29,Medical,2,Male,91,3,1,Laboratory Technician,1,3907,3622,1,No,13,3,6,4,6,2,1,2
46,No,Travel_Rarely,Research & Development,13,Life Sciences,3,Male,34,3,2,Healthcare Representative,2,5562,9697,6,No,14,3,19,3,10,7,0,9
35,No,Travel_Rarely,Research & Development,27,Life Sciences,4,Male,49,3,2,Manufacturing Director,3,6883,5151,2,No,16,3,17,3,7,7,0,7
30,No,Travel_Rarely,Research & Development,16,Life Sciences,2,Male,33,3,1,Research Scientist,4,2862,3811,1,No,12,3,10,2,10,0,0,8
47,No,Non-Travel,Sales,2,Marketing,3,Male,87,3,2,Sales Executive,2,4978,3536,7,No,11,3,4,1,1,0,0,0
46,No,Travel_Rarely,Sales,2,Life Sciences,3,Male,74,3,3,Sales Executive,4,10368,5596,4,Yes,12,3,13,2,10,6,0,3
36,Yes,Travel_Rarely,Sales,13,Marketing,2,Male,96,2,2,Sales Executive,1,6134,8658,5,Yes,13,3,16,3,2,2,2,2
32,Yes,Travel_Rarely,Sales,1,Life Sciences,1,Male,34,1,2,Sales Executive,2,6735,12147,6,No,15,3,10,3,0,0,0,0
23,No,Travel_Rarely,Research & Development,4,Medical,3,Female,51,3,1,Laboratory Technician,2,3295,12862,1,No,13,3,3,1,3,2,1,2
31,No,Travel_Frequently,Research & Development,24,Technical Degree,4,Female,30,3,2,Manufacturing Director,4,5238,6670,2,No,20,4,9,2,5,4,1,4
39,No,Non-Travel,Research & Development,1,Life Sciences,4,Male,77,3,2,Laboratory Technician,4,6472,8989,1,Yes,15,3,9,3,9,8,5,8
32,No,Travel_Rarely,Sales,19,Life Sciences,4,Male,80,1,3,Sales Executive,3,9610,3840,3,No,13,3,10,1,4,3,0,2
40,No,Travel_Rarely,Sales,7,Medical,2,Male,88,3,5,Manager,2,19833,4349,1,No,14,3,21,2,21,8,12,8
45,No,Travel_Rarely,Human Resources,4,Life Sciences,3,Female,56,1,3,Human Resources,3,9756,6595,4,No,21,4,9,4,5,0,0,3
30,No,Travel_Frequently,Research & Development,2,Technical Degree,4,Female,78,2,1,Research Scientist,1,4968,26427,0,No,16,3,10,3,9,7,0,7
24,No,Travel_Frequently,Human Resources,10,Medical,1,Male,59,3,1,Human Resources,4,2145,2097,0,No,14,3,3,3,2,2,2,1
30,Yes,Travel_Frequently,Human Resources,8,Human Resources,3,Female,66,2,1,Human Resources,4,2180,9732,6,No,11,3,6,2,4,2,1,2
31,No,Travel_Rarely,Sales,5,Technical Degree,1,Male,51,3,2,Sales Executive,3,8346,20943,1,No,19,3,6,3,5,2,0,2
27,No,Travel_Rarely,Research & Development,8,Medical,3,Female,67,3,1,Research Scientist,4,3445,6152,1,No,11,3,6,2,6,2,1,4
29,Yes,Travel_Rarely,Sales,9,Marketing,2,Female,52,1,1,Sales Representative,2,2760,14630,1,No,13,3,2,3,2,2,2,2
29,No,Travel_Frequently,Research & Development,1,Life Sciences,4,Male,70,4,2,Healthcare Representative,3,6294,23060,8,Yes,12,3,10,4,3,2,0,2
30,No,Travel_Rarely,Sales,15,Marketing,3,Male,94,2,3,Sales Executive,1,7140,3088,2,No,11,3,12,3,7,7,1,7
34,No,Travel_Rarely,Research & Development,2,Medical,4,Male,97,4,1,Research Scientist,4,2932,5586,0,Yes,14,3,6,3,5,0,1,2
33,No,Non-Travel,Sales,2,Marketing,4,Female,62,3,2,Sales Executive,2,5147,10697,8,No,15,3,13,2,11,7,1,7
49,No,Travel_Rarely,Sales,11,Marketing,4,Female,80,3,2,Sales Executive,4,4507,8191,3,No,12,3,8,4,5,1,0,4
33,Yes,Travel_Rarely,Sales,16,Life Sciences,1,Female,74,3,3,Sales Executive,1,8564,10092,2,Yes,20,4,11,2,0,0,0,0
38,No,Travel_Frequently,Research & Development,2,Medical,3,Female,75,2,1,Laboratory Technician,2,2468,15963,4,No,14,3,9,2,6,1,0,5
31,Yes,Travel_Rarely,Sales,16,Marketing,1,Male,70,3,3,Sales Executive,3,8161,19002,2,No,13,3,10,3,1,0,0,0
29,No,Travel_Rarely,Research & Development,4,Technical Degree,4,Female,91,2,1,Research Scientist,1,2109,10007,1,No,13,3,1,3,1,0,0,0
30,No,Travel_Rarely,Research & Development,16,Life Sciences,3,Male,58,4,2,Healthcare Representative,3,5294,9128,3,No,16,3,10,3,7,0,1,7
32,No,Non-Travel,Research & Development,5,Technical Degree,2,Male,65,3,1,Research Scientist,2,2718,17674,2,No,14,3,12,3,7,7,0,7
38,No,Travel_Rarely,Research & Development,18,Medical,2,Male,60,1,2,Healthcare Representative,4,5811,24539,3,Yes,16,3,15,3,1,0,1,0
43,Yes,Travel_Frequently,Research & Development,17,Technical Degree,3,Male,38,2,1,Research Scientist,3,2437,15587,9,Yes,16,3,6,3,1,0,0,0
42,No,Travel_Rarely,Research & Development,12,Medical,2,Male,57,3,1,Laboratory Technician,2,2766,8952,8,No,22,4,7,2,5,3,0,4
55,No,Travel_Rarely,Research & Development,2,Medical,3,Male,60,2,5,Research Director,1,19038,19805,8,No,12,3,34,3,1,0,0,0
33,No,Non-Travel,Research & Development,4,Technical Degree,4,Male,90,3,2,Research Scientist,2,3055,6194,5,No,15,3,11,2,9,8,1,7
41,No,Travel_Rarely,Research & Development,9,Life Sciences,3,Male,94,3,1,Laboratory Technician,1,2289,20520,1,No,20,4,5,3,5,3,0,4
34,No,Non-Travel,Sales,10,Life Sciences,4,Male,87,3,2,Sales Executive,3,4001,12313,1,Yes,14,3,15,3,15,14,0,7
53,No,Non-Travel,Research & Development,1,Medical,1,Female,60,2,4,Manufacturing Director,3,12965,22308,4,Yes,20,4,27,2,3,2,0,2
43,No,Travel_Rarely,Human Resources,2,Life Sciences,2,Male,97,3,1,Human Resources,4,3539,5033,0,No,13,3,10,3,9,7,1,8
34,No,Travel_Rarely,Sales,3,Life Sciences,4,Female,32,1,2,Sales Executive,4,6029,25353,5,No,12,3,6,3,2,2,2,2
21,Yes,Travel_Rarely,Sales,7,Marketing,2,Male,31,3,1,Sales Representative,2,2679,4567,1,No,13,3,1,3,1,0,1,0
38,No,Travel_Rarely,Research & Development,6,Other,4,Female,40,2,1,Laboratory Technician,3,3702,16376,1,No,11,3,5,3,5,4,0,4
22,Yes,Travel_Rarely,Research & Development,8,Medical,3,Female,79,3,1,Laboratory Technician,1,2398,15999,1,Yes,17,3,1,3,1,0,0,0
31,No,Travel_Rarely,Sales,29,Marketing,1,Female,91,2,2,Sales Executive,4,5468,13402,1,No,14,3,13,3,12,7,5,7
51,No,Travel_Rarely,Research & Development,3,Technical Degree,1,Female,53,3,3,Manager,3,13116,22984,2,No,11,3,15,3,2,2,2,2
37,No,Travel_Rarely,Sales,9,Marketing,2,Male,46,2,2,Sales Executive,2,4189,8800,1,No,14,3,5,3,5,2,0,3
46,No,Travel_Rarely,Research & Development,2,Medical,3,Male,46,3,5,Research Director,4,19328,14218,7,Yes,17,3,24,3,2,1,2,2
36,No,Travel_Rarely,Research & Development,10,Life Sciences,4,Male,90,3,3,Healthcare Representative,1,8321,25949,7,Yes,13,3,15,3,12,8,5,7
44,Yes,Travel_Frequently,Research & Development,1,Medical,3,Male,99,3,1,Research Scientist,2,2342,11092,1,Yes,12,3,6,2,5,3,2,3
37,No,Travel_Rarely,Human Resources,8,Other,3,Male,89,3,2,Human Resources,2,4071,12832,2,No,13,3,19,2,10,0,4,7
35,Yes,Travel_Rarely,Sales,27,Life Sciences,3,Male,84,3,2,Sales Executive,4,5813,13492,1,Yes,18,3,10,3,10,7,7,7
33,No,Travel_Rarely,Research & Development,8,Life Sciences,4,Male,90,4,1,Research Scientist,1,3143,6076,6,No,19,3,14,3,10,8,7,6
28,No,Travel_Rarely,Research & Development,1,Life Sciences,3,Male,82,3,1,Research Scientist,4,2044,5531,1,No,11,3,5,4,5,3,0,3
39,No,Travel_Rarely,Research & Development,10,Medical,3,Male,65,3,3,Research Director,3,13464,7914,7,No,21,4,9,3,4,3,2,2
46,No,Non-Travel,Sales,26,Life Sciences,2,Male,98,2,2,Sales Executive,2,7991,25166,8,No,15,3,6,3,2,2,2,2
40,No,Travel_Rarely,Research & Development,2,Life Sciences,3,Female,99,3,1,Laboratory Technician,1,3377,25605,4,No,17,3,7,2,4,3,0,2
42,No,Travel_Rarely,Research & Development,13,Medical,2,Male,95,4,2,Healthcare Representative,1,5538,5696,5,No,18,3,10,2,0,0,0,0
35,No,Non-Travel,Research & Development,2,Medical,2,Male,90,3,2,Manufacturing Director,4,5762,24442,2,No,14,3,15,3,7,7,1,7
38,No,Non-Travel,Human Resources,2,Human Resources,1,Male,100,3,1,Human Resources,2,2592,7129,5,No,13,3,13,3,11,10,3,8
34,Yes,Travel_Frequently,Research & Development,9,Life Sciences,4,Male,93,3,2,Laboratory Technician,1,5346,6208,4,No,17,3,11,2,7,1,0,7
37,Yes,Travel_Rarely,Research & Development,10,Medical,4,Male,58,3,2,Manufacturing Director,1,4213,4992,1,No,15,3,10,1,10,3,0,8
39,No,Travel_Frequently,Sales,20,Life Sciences,3,Male,83,3,2,Sales Executive,4,4127,19188,2,No,18,3,7,3,2,1,2,2
43,No,Non-Travel,Research & Development,9,Life Sciences,1,Male,52,3,1,Research Scientist,3,2438,24978,4,No,13,3,7,2,3,2,1,2
41,No,Travel_Rarely,Research & Development,5,Life Sciences,2,Male,85,4,2,Healthcare Representative,2,6870,15530,3,No,12,3,11,1,3,2,1,2
41,No,Travel_Rarely,Sales,4,Marketing,3,Female,81,3,3,Sales Executive,3,10447,26458,0,Yes,13,3,23,4,22,14,13,5
30,No,Travel_Rarely,Research & Development,10,Medical,1,Female,64,3,3,Manufacturing Director,3,9667,2739,9,No,14,3,9,3,7,7,0,2
26,Yes,Travel_Rarely,Human Resources,20,Medical,4,Female,69,3,1,Human Resources,2,2148,6889,0,Yes,11,3,6,3,5,1,1,4
46,Yes,Travel_Rarely,Research & Development,21,Medical,4,Female,66,3,2,Healthcare Representative,2,8926,10842,4,No,22,4,13,4,9,7,3,7
40,No,Travel_Rarely,Research & Development,1,Life Sciences,3,Female,52,3,2,Healthcare Representative,4,6513,9060,4,No,17,3,12,3,5,3,0,3
34,No,Travel_Rarely,Sales,8,Technical Degree,2,Male,92,4,2,Sales Executive,3,6799,22128,1,No,21,4,10,3,10,8,4,8
58,No,Non-Travel,Sales,2,Medical,2,Male,52,3,4,Manager,2,16291,22577,4,No,22,4,37,2,16,9,14,14
35,No,Travel_Rarely,Research & Development,23,Medical,2,Male,91,1,1,Laboratory Technician,3,2705,9696,0,No,16,3,6,4,5,4,0,3
47,No,Travel_Rarely,Research & Development,4,Life Sciences,3,Female,92,2,3,Manufacturing Director,2,10333,19271,8,Yes,12,3,28,3,22,11,14,10
40,No,Travel_Rarely,Research & Development,12,Life Sciences,2,Female,47,3,2,Healthcare Representative,1,4448,10748,2,No,12,3,15,3,7,4,7,7
54,No,Travel_Rarely,Research & Development,7,Medical,4,Female,68,3,2,Research Scientist,4,6854,15696,4,No,15,3,14,2,7,1,1,7
31,No,Travel_Frequently,Sales,7,Marketing,1,Female,68,3,3,Sales Executive,1,9637,8277,2,No,14,3,9,3,3,2,2,2
28,No,Travel_Rarely,Research & Development,1,Medical,3,Female,67,3,1,Research Scientist,1,3591,12719,1,No,25,4,3,3,3,2,1,2
38,No,Travel_Rarely,Sales,2,Marketing,2,Female,77,1,2,Sales Representative,4,5405,4244,2,Yes,20,4,20,2,4,2,0,3
26,No,Travel_Rarely,Sales,10,Medical,3,Male,46,3,2,Sales Executive,4,4684,9125,1,No,13,3,5,3,5,3,1,2
58,No,Travel_Frequently,Research & Development,15,Life Sciences,1,Male,87,3,4,Research Director,3,15787,21624,2,Yes,14,3,23,3,2,2,2,2
18,No,Non-Travel,Research & Development,14,Medical,2,Female,33,3,1,Research Scientist,3,1514,8018,1,No,16,3,0,1,0,0,0,0
31,Yes,Travel_Rarely,Human Resources,18,Human Resources,4,Male,89,4,1,Human Resources,1,2956,21495,0,No,17,3,2,3,1,0,0,0
29,Yes,Travel_Rarely,Human Resources,13,Human Resources,1,Male,56,2,1,Human Resources,1,2335,3157,4,Yes,15,3,4,3,2,2,2,0
45,No,Non-Travel,Sales,2,Life Sciences,3,Female,67,3,2,Sales Executive,3,5154,19665,4,No,22,4,10,4,8,7,5,7
36,No,Travel_Rarely,Research & Development,2,Other,4,Female,73,3,2,Research Scientist,2,6962,19573,4,Yes,22,4,15,3,1,0,0,0
43,No,Travel_Frequently,Sales,2,Life Sciences,1,Male,92,3,2,Sales Executive,4,5675,19246,1,No,20,4,7,3,7,7,7,7
27,No,Travel_Frequently,Research & Development,5,Life Sciences,4,Female,53,3,1,Laboratory Technician,4,2379,19826,0,Yes,14,3,6,2,5,4,0,2
29,No,Travel_Frequently,Research & Development,20,Medical,4,Male,40,3,1,Laboratory Technician,4,3812,7003,1,No,13,3,11,4,11,8,3,10
32,No,Travel_Frequently,Sales,10,Marketing,4,Male,79,3,2,Sales Executive,4,4648,26075,8,No,13,3,4,4,0,0,0,0
42,No,Non-Travel,Research & Development,10,Technical Degree,3,Male,38,3,1,Research Scientist,3,2936,6161,3,No,22,4,10,2,6,3,3,3
47,No,Travel_Rarely,Research & Development,9,Life Sciences,2,Female,64,3,1,Laboratory Technician,3,2105,5411,4,No,12,3,7,3,2,2,2,0
46,No,Travel_Rarely,Research & Development,2,Life Sciences,4,Male,82,3,3,Manufacturing Director,4,8578,19989,3,No,14,3,12,2,9,8,4,7
28,No,Non-Travel,Human Resources,1,Life Sciences,3,Male,43,3,1,Human Resources,4,2706,10494,1,No,15,3,3,3,3,2,2,2
29,No,Travel_Rarely,Research & Development,29,Life Sciences,4,Male,93,1,2,Healthcare Representative,3,6384,21143,8,No,17,3,11,3,7,0,1,6
42,No,Travel_Rarely,Research & Development,8,Life Sciences,4,Male,81,3,1,Laboratory Technician,3,3968,13624,4,No,13,3,8,3,0,0,0,0
32,Yes,Travel_Rarely,Sales,2,Marketing,3,Male,82,2,2,Sales Executive,2,9907,26186,7,Yes,12,3,7,2,2,2,2,2
46,No,Travel_Rarely,Sales,3,Technical Degree,1,Female,45,4,4,Sales Executive,1,13225,7739,2,No,12,3,25,3,19,17,2,8
27,No,Travel_Rarely,Sales,23,Medical,2,Female,36,2,2,Sales Representative,3,3540,7018,1,No,21,4,9,3,9,8,5,8
29,No,Travel_Rarely,Human Resources,6,Medical,4,Male,87,2,1,Human Resources,2,2804,15434,1,No,11,3,1,3,1,0,0,0
43,No,Travel_Rarely,Research & Development,6,Medical,1,Female,81,2,5,Manager,3,19392,22539,7,No,13,3,21,3,16,12,6,14
48,No,Travel_Rarely,Research & Development,10,Life Sciences,4,Male,91,2,5,Research Director,2,19665,13583,4,No,12,3,29,3,22,10,12,9
29,Yes,Travel_Frequently,Research & Development,24,Life Sciences,4,Male,73,2,1,Research Scientist,4,2439,14753,1,Yes,24,4,1,2,1,0,1,0
46,Yes,Travel_Rarely,Sales,10,Life Sciences,3,Female,64,3,3,Sales Executive,2,7314,14011,5,No,21,4,14,3,8,7,0,7
27,No,Travel_Frequently,Research & Development,15,Life Sciences,4,Female,77,2,1,Research Scientist,1,4774,23844,0,No,19,3,8,2,7,6,7,3
39,No,Travel_Rarely,Research & Development,19,Other,4,Male,41,3,2,Research Scientist,4,3902,5141,8,No,14,3,7,3,2,2,2,2
55,No,Travel_Rarely,Research & Development,2,Technical Degree,2,Male,98,2,1,Research Scientist,4,2662,7975,8,No,20,4,19,4,5,2,0,4
28,No,Travel_Rarely,Sales,3,Medical,2,Female,78,3,1,Sales Representative,2,2856,3692,1,No,19,3,1,3,1,0,0,0
30,Yes,Travel_Rarely,Sales,9,Medical,2,Male,89,3,1,Sales Representative,4,1081,16019,1,No,13,3,1,2,1,0,0,0
22,Yes,Travel_Rarely,Research & Development,7,Life Sciences,4,Male,75,3,1,Research Scientist,2,2472,26092,1,Yes,23,4,1,3,1,0,0,0
36,No,Travel_Rarely,Sales,10,Technical Degree,2,Female,63,2,2,Sales Executive,3,5673,6060,1,Yes,13,3,10,3,10,9,1,7
31,No,Travel_Rarely,Research & Development,20,Life Sciences,2,Male,89,3,2,Laboratory Technician,3,4197,18624,1,No,11,3,10,3,10,8,0,2
34,No,Travel_Rarely,Sales,4,Life Sciences,3,Male,64,3,3,Sales Executive,4,9713,24444,2,Yes,13,3,9,3,5,3,1,0
29,No,Travel_Rarely,Research & Development,7,Life Sciences,4,Male,59,3,1,Laboratory Technician,1,2062,19384,3,No,14,3,11,3,3,2,1,2
37,No,Travel_Rarely,Research & Development,7,Medical,4,Male,78,3,2,Research Scientist,1,4284,13588,5,Yes,22,4,16,3,5,3,0,4
35,No,Travel_Rarely,Research & Development,16,Other,4,Female,44,2,2,Manufacturing Director,2,4788,25388,0,Yes,11,3,4,3,3,2,0,2
45,No,Travel_Rarely,Research & Development,25,Life Sciences,2,Female,93,2,2,Manufacturing Director,4,5906,23888,0,No,13,3,10,2,9,8,3,8
36,No,Travel_Frequently,Human Resources,2,Human Resources,2,Male,94,2,2,Human Resources,4,3886,4223,1,No,21,4,10,2,10,1,0,8
40,No,Travel_Rarely,Research & Development,1,Life Sciences,1,Male,98,3,4,Manager,1,16823,18991,2,No,11,3,22,3,19,7,11,16
26,No,Travel_Rarely,Research & Development,1,Life Sciences,2,Female,90,2,1,Research Scientist,3,2933,14908,1,Yes,13,3,1,2,1,0,1,0
27,No,Travel_Rarely,Sales,2,Medical,1,Female,89,4,2,Sales Executive,3,6500,26997,0,No,14,3,9,2,8,7,0,7
48,No,Travel_Frequently,Research & Development,22,Medical,4,Female,58,3,4,Manager,4,17174,2437,3,No,11,3,24,3,22,17,4,7
44,No,Travel_Rarely,Research & Development,1,Life Sciences,2,Male,78,4,2,Healthcare Representative,1,5033,9364,2,No,15,3,10,3,2,0,2,2
34,Yes,Non-Travel,Research & Development,16,Technical Degree,4,Male,85,1,1,Research Scientist,1,2307,14460,1,Yes,23,4,5,3,5,2,3,0
56,Yes,Travel_Rarely,Research & Development,24,Life Sciences,1,Male,97,3,1,Laboratory Technician,4,2587,10261,1,No,16,3,5,3,4,2,1,0
36,No,Travel_Rarely,Sales,17,Marketing,3,Male,33,2,2,Sales Executive,2,5507,16822,2,No,16,3,12,1,4,2,1,3
41,No,Travel_Rarely,Sales,8,Marketing,3,Female,54,3,2,Sales Executive,2,4393,26841,5,No,21,4,14,3,5,4,1,4
42,No,Travel_Rarely,Research & Development,6,Medical,3,Male,83,3,3,Research Director,1,13348,14842,9,No,13,3,18,4,13,7,5,7
31,No,Travel_Rarely,Sales,10,Medical,3,Female,86,3,2,Sales Executive,4,6583,20115,2,Yes,11,3,8,3,5,2,1,4
34,No,Travel_Rarely,Sales,3,Medical,4,Female,75,2,2,Sales Executive,4,8103,16495,3,Yes,12,3,9,2,4,2,0,1
31,No,Travel_Rarely,Research & Development,4,Medical,1,Female,62,4,1,Laboratory Technician,3,3978,16031,8,No,12,3,4,2,2,2,2,2
26,No,Travel_Frequently,Research & Development,6,Other,3,Male,61,4,1,Laboratory Technician,4,2544,7102,0,No,18,3,8,3,7,7,7,7
45,No,Travel_Frequently,Research & Development,1,Medical,2,Male,44,3,2,Healthcare Representative,3,5399,14511,4,No,12,3,12,3,4,2,0,3
33,No,Travel_Rarely,Sales,10,Marketing,2,Male,43,3,2,Sales Executive,3,5487,10410,1,No,14,3,10,2,10,4,0,9
28,No,Travel_Frequently,Sales,1,Life Sciences,3,Male,42,2,2,Sales Executive,4,6834,19255,1,Yes,12,3,7,3,7,7,0,7
29,Yes,Travel_Frequently,Sales,24,Technical Degree,3,Male,45,4,1,Sales Representative,1,1091,10642,1,No,17,3,1,3,1,0,0,0
39,No,Non-Travel,Sales,21,Life Sciences,1,Female,32,1,2,Sales Executive,3,5736,3987,6,No,19,3,10,3,3,2,1,2
27,No,Travel_Rarely,Research & Development,2,Technical Degree,2,Male,41,3,1,Research Scientist,2,2226,6073,1,No,11,3,6,2,5,3,1,2
34,No,Travel_Frequently,Research & Development,22,Other,3,Male,86,2,2,Research Scientist,4,5747,26496,1,Yes,15,3,16,3,15,10,6,11
28,Yes,Travel_Rarely,Sales,13,Marketing,4,Female,84,3,2,Sales Executive,3,9854,23352,3,Yes,11,3,6,3,2,0,2,2
47,No,Non-Travel,Research & Development,14,Technical Degree,3,Male,64,3,2,Research Scientist,2,5467,2125,8,No,18,3,16,4,8,7,1,7
56,No,Travel_Rarely,Sales,11,Marketing,4,Female,89,2,2,Sales Executive,1,5380,20328,4,No,16,3,6,3,0,0,0,0
39,No,Travel_Rarely,Research & Development,9,Medical,1,Male,87,3,2,Manufacturing Director,1,5151,12315,1,No,25,4,10,3,10,0,7,9
38,No,Travel_Frequently,Research & Development,8,Medical,4,Female,58,2,2,Research Scientist,2,2133,18115,1,Yes,16,3,20,3,20,11,0,7
58,No,Travel_Rarely,Sales,21,Life Sciences,4,Female,72,3,4,Manager,4,17875,11761,4,Yes,13,3,29,2,1,0,0,0
32,Yes,Travel_Frequently,Research & Development,5,Life Sciences,1,Female,47,4,1,Research Scientist,3,2432,15318,3,Yes,14,3,8,3,4,1,0,3
38,No,Travel_Rarely,Research & Development,9,Life Sciences,2,Male,71,3,1,Research Scientist,4,4771,14293,2,No,19,3,10,4,5,2,0,3
49,No,Travel_Frequently,Research & Development,2,Life Sciences,2,Male,42,3,5,Research Director,4,19161,13738,3,No,15,3,28,3,5,4,4,3
42,No,Travel_Rarely,Sales,12,Marketing,2,Male,77,3,2,Sales Executive,4,5087,2900,3,Yes,12,3,14,3,0,0,0,0
27,Yes,Travel_Frequently,Human Resources,22,Human Resources,1,Female,58,2,1,Human Resources,2,2863,19555,1,No,12,3,1,3,1,0,0,0
35,No,Travel_Rarely,Sales,18,Medical,2,Male,71,3,2,Sales Executive,1,5561,15975,0,No,16,3,6,1,5,3,0,4
28,No,Non-Travel,Research & Development,16,Medical,3,Male,49,3,1,Research Scientist,3,2144,2122,1,No,14,3,5,2,5,3,1,4
31,No,Non-Travel,Research & Development,3,Medical,3,Male,48,3,1,Research Scientist,1,3065,3995,1,Yes,13,3,4,4,4,2,2,3
36,No,Non-Travel,Research & Development,9,Life Sciences,1,Male,66,4,1,Laboratory Technician,2,2810,9238,1,No,22,4,5,3,5,4,0,2
34,No,Travel_Rarely,Sales,1,Marketing,1,Male,32,3,3,Sales Executive,4,9888,6770,1,No,21,4,14,2,14,8,2,1
34,No,Travel_Rarely,Sales,13,Medical,4,Male,39,3,3,Sales Executive,3,8628,22914,1,No,18,3,9,2,8,7,1,1
26,No,Travel_Rarely,Research & Development,1,Medical,3,Male,95,3,1,Laboratory Technician,1,2867,20006,0,No,13,3,8,2,7,7,7,6
29,No,Travel_Rarely,Research & Development,1,Life Sciences,1,Male,89,3,2,Healthcare Representative,1,5373,6225,0,No,12,3,6,2,5,3,0,2
32,No,Non-Travel,Research & Development,15,Medical,3,Female,34,3,2,Healthcare Representative,4,6667,16542,5,No,18,3,9,3,5,1,1,2
31,No,Travel_Frequently,Research & Development,1,Life Sciences,4,Male,48,1,2,Research Scientist,1,5003,5771,1,No,21,4,10,3,10,8,8,7
28,Yes,Travel_Rarely,Research & Development,17,Technical Degree,3,Male,32,2,1,Laboratory Technician,4,2367,18779,5,No,12,3,6,2,4,1,0,3
38,No,Travel_Rarely,Sales,1,Life Sciences,1,Male,59,2,1,Sales Representative,1,2858,11473,4,No,14,3,20,2,1,0,0,0
35,No,Travel_Rarely,Sales,7,Life Sciences,3,Female,55,3,2,Sales Executive,4,5204,13586,1,Yes,11,3,10,3,10,8,0,9
27,No,Travel_Rarely,Sales,9,Marketing,4,Male,44,3,2,Sales Executive,4,4105,5099,1,No,14,3,7,3,7,7,0,7
32,No,Travel_Rarely,Research & Development,5,Life Sciences,4,Male,56,2,2,Manufacturing Director,4,9679,10138,8,No,24,4,8,3,1,0,0,0
31,Yes,Travel_Frequently,Sales,26,Marketing,1,Male,63,3,2,Sales Executive,4,5617,21075,1,Yes,11,3,10,3,10,7,0,8
53,Yes,Travel_Rarely,Sales,24,Life Sciences,1,Male,66,3,3,Sales Executive,1,10448,5843,6,Yes,13,3,15,2,2,2,2,2
54,No,Travel_Rarely,Research & Development,9,Life Sciences,1,Female,67,3,2,Research Scientist,3,2897,22474,3,No,11,3,9,2,4,3,2,3
33,No,Travel_Frequently,Research & Development,7,Life Sciences,4,Male,36,3,2,Healthcare Representative,3,5968,18079,1,No,20,4,9,3,9,7,2,8
43,No,Travel_Rarely,Research & Development,11,Life Sciences,1,Male,30,3,3,Healthcare Representative,3,7510,16873,1,No,17,3,10,3,10,9,0,9
38,No,Travel_Frequently,Human Resources,1,Other,4,Male,88,3,1,Human Resources,2,2991,5224,0,Yes,11,3,7,3,6,2,1,2
55,No,Travel_Rarely,Human Resources,26,Human Resources,3,Male,71,4,5,Manager,2,19636,25811,4,Yes,18,3,35,3,10,9,1,4
31,No,Travel_Rarely,Research & Development,2,Medical,4,Female,59,1,1,Laboratory Technician,4,1129,17536,1,Yes,11,3,1,3,1,0,0,0
39,No,Travel_Rarely,Sales,15,Marketing,2,Male,77,3,4,Sales Executive,1,13341,25098,0,No,12,3,21,3,20,8,11,10
42,No,Non-Travel,Research & Development,23,Life Sciences,4,Male,37,2,2,Research Scientist,3,4332,14811,1,No,12,3,20,3,20,9,3,7
31,No,Non-Travel,Research & Development,10,Medical,3,Female,40,3,3,Research Director,3,11031,26862,4,No,20,4,13,4,11,7,4,8
54,No,Travel_Rarely,Research & Development,10,Medical,3,Female,77,3,2,Manufacturing Director,1,4440,25198,6,Yes,19,3,9,3,5,2,1,4
24,No,Travel_Rarely,Research & Development,1,Life Sciences,2,Male,45,2,2,Healthcare Representative,3,4617,14120,1,No,12,3,4,2,4,3,1,2
23,No,Travel_Rarely,Research & Development,12,Other,4,Male,78,3,1,Laboratory Technician,4,2647,13672,1,No,13,3,5,4,5,2,1,4
40,No,Travel_Frequently,Research & Development,11,Technical Degree,4,Female,73,3,2,Laboratory Technician,3,6323,26849,1,No,11,3,10,4,10,9,9,4
40,No,Travel_Rarely,Sales,2,Marketing,2,Female,92,3,2,Sales Executive,2,5677,4258,3,No,14,3,15,3,11,8,5,10
25,No,Travel_Rarely,Human Resources,2,Human Resources,3,Female,82,3,1,Human Resources,2,2187,19655,4,No,14,3,6,3,2,0,1,2
30,No,Travel_Rarely,Research & Development,1,Medical,4,Male,76,3,1,Laboratory Technician,2,3748,4077,1,No,13,3,12,2,12,8,1,7
25,No,Travel_Rarely,Research & Development,2,Other,4,Male,57,3,1,Laboratory Technician,3,3977,7298,6,Yes,19,3,7,2,2,2,0,2
47,No,Travel_Rarely,Research & Development,25,Medical,1,Male,84,3,3,Healthcare Representative,3,8633,13084,2,No,23,4,25,3,17,14,12,11
33,No,Non-Travel,Research & Development,1,Medical,2,Male,59,2,1,Laboratory Technician,3,2008,20439,1,No,12,3,1,2,1,1,0,0
38,No,Travel_Rarely,Sales,1,Life Sciences,4,Male,86,3,2,Sales Executive,2,4440,7636,0,No,15,3,16,3,15,13,5,8
31,No,Travel_Rarely,Sales,2,Life Sciences,1,Male,54,3,1,Sales Representative,3,3067,6393,0,No,19,3,3,3,2,2,1,2
38,No,Travel_Frequently,Research & Development,6,Life Sciences,1,Male,72,2,2,Manufacturing Director,3,5321,14284,2,No,11,3,10,3,8,3,7,7
42,No,Travel_Rarely,Research & Development,18,Life Sciences,4,Male,35,3,2,Research Scientist,1,5410,11189,6,Yes,17,3,9,2,4,3,1,2
41,No,Travel_Rarely,Research & Development,1,Life Sciences,4,Male,76,3,1,Research Scientist,4,2782,21412,3,No,22,4,12,3,5,3,1,0
47,No,Non-Travel,Research & Development,1,Medical,3,Female,98,3,3,Research Director,2,11957,17231,0,No,18,3,14,1,13,8,5,12
35,No,Travel_Rarely,Research & Development,11,Medical,4,Male,43,3,1,Laboratory Technician,3,2660,20232,7,Yes,11,3,5,3,2,2,2,2
22,No,Travel_Rarely,Research & Development,1,Life Sciences,4,Male,63,3,1,Research Scientist,3,3375,17624,0,No,12,3,4,4,3,2,1,2
35,No,Travel_Rarely,Research & Development,9,Medical,2,Male,48,3,2,Research Scientist,3,5098,18698,1,No,19,3,10,3,10,7,0,8
33,No,Travel_Rarely,Research & Development,15,Medical,2,Female,95,3,2,Healthcare Representative,4,4878,21653,0,Yes,13,3,10,3,9,7,8,1
32,No,Travel_Rarely,Research & Development,29,Life Sciences,3,Female,49,2,1,Laboratory Technician,2,2837,15919,1,No,13,3,6,3,6,2,4,1
40,No,Travel_Rarely,Research & Development,1,Life Sciences,1,Male,83,3,1,Laboratory Technician,4,2406,4060,8,No,19,3,8,2,1,0,0,0
32,No,Travel_Rarely,Sales,1,Medical,2,Male,68,2,1,Sales Representative,2,2269,18024,0,No,14,3,3,3,2,2,2,2
39,No,Travel_Rarely,Research & Development,24,Life Sciences,1,Male,52,3,2,Research Scientist,4,4108,5340,7,No,13,3,18,3,7,7,1,7
38,No,Travel_Rarely,Research & Development,10,Medical,2,Female,99,1,3,Research Director,3,13206,3376,3,No,12,3,20,3,18,16,1,11
32,No,Travel_Rarely,Sales,1,Marketing,3,Female,48,3,3,Sales Executive,4,10422,24032,1,No,19,3,14,3,14,10,5,7
37,No,Travel_Rarely,Research & Development,10,Life Sciences,3,Female,42,4,3,Research Director,4,13744,15471,1,Yes,25,4,16,3,16,11,6,8
25,No,Travel_Rarely,Sales,8,Other,1,Female,85,3,2,Sales Executive,3,4907,13684,0,Yes,22,4,6,2,5,3,0,4
52,No,Non-Travel,Sales,29,Life Sciences,1,Male,40,3,1,Sales Representative,4,3482,19788,2,No,15,3,16,2,9,8,0,0
44,No,Travel_Rarely,Research & Development,1,Medical,2,Male,42,3,1,Research Scientist,4,2436,13422,6,Yes,12,3,6,3,4,3,1,2
21,No,Travel_Rarely,Sales,5,Medical,3,Male,58,3,1,Sales Representative,1,2380,25479,1,Yes,11,3,2,3,2,2,1,2
39,No,Non-Travel,Research & Development,9,Life Sciences,4,Male,87,3,5,Manager,4,19431,15302,2,No,13,3,21,2,6,0,1,3
23,Yes,Travel_Frequently,Sales,9,Marketing,4,Male,33,3,1,Sales Representative,1,1790,26956,1,No,19,3,1,2,1,0,1,0
36,No,Travel_Rarely,Sales,3,Medical,1,Female,94,2,3,Sales Executive,4,7644,12695,0,No,19,3,10,3,9,7,3,4
36,No,Travel_Frequently,Research & Development,4,Life Sciences,4,Female,97,3,2,Manufacturing Director,2,5131,9192,7,No,13,3,18,3,4,2,0,2
56,No,Non-Travel,Research & Development,1,Life Sciences,3,Male,57,3,2,Healthcare Representative,3,6306,26236,1,No,21,4,13,2,13,12,1,9
29,Yes,Travel_Rarely,Research & Development,1,Medical,1,Male,36,3,1,Research Scientist,4,4787,26124,9,Yes,14,3,4,4,2,2,2,2
42,No,Travel_Rarely,Research & Development,2,Life Sciences,1,Male,56,3,5,Manager,3,18880,17312,5,No,11,3,24,2,22,6,4,14
56,Yes,Travel_Rarely,Research & Development,7,Technical Degree,4,Male,72,3,1,Laboratory Technician,3,2339,3666,8,No,11,3,14,1,10,9,9,8
41,No,Travel_Rarely,Research & Development,28,Life Sciences,1,Female,60,2,4,Manufacturing Director,2,13570,5640,0,No,23,4,21,3,20,7,0,10
34,No,Travel_Rarely,Sales,28,Marketing,4,Female,95,2,2,Sales Executive,3,6712,8978,1,No,21,4,8,3,8,7,1,7
36,No,Non-Travel,Sales,15,Marketing,4,Male,88,1,2,Sales Executive,4,5406,10436,1,No,24,4,15,2,15,12,11,11
41,No,Travel_Rarely,Sales,3,Life Sciences,3,Male,57,2,2,Sales Executive,2,8938,12227,2,No,11,3,14,3,5,4,0,4
32,No,Travel_Rarely,Research & Development,2,Technical Degree,4,Male,78,3,1,Research Scientist,1,2439,11288,1,No,14,3,4,3,4,2,1,2
35,No,Travel_Rarely,Human Resources,26,Life Sciences,3,Female,31,3,3,Human Resources,4,8837,16642,1,Yes,16,3,9,3,9,0,1,7
38,No,Travel_Rarely,Sales,10,Life Sciences,1,Female,100,3,2,Sales Executive,4,5343,5982,1,No,11,3,10,3,10,7,1,9
50,Yes,Travel_Frequently,Sales,1,Life Sciences,2,Male,94,3,2,Sales Executive,3,6728,14255,7,No,12,3,12,3,6,3,0,1
36,No,Travel_Rarely,Sales,11,Marketing,2,Female,100,2,2,Sales Executive,4,6652,14369,4,No,13,3,8,2,6,3,0,0
45,No,Travel_Rarely,Sales,20,Life Sciences,4,Female,50,3,2,Sales Executive,3,4850,23333,8,No,15,3,8,3,5,3,0,1
40,No,Travel_Rarely,Research & Development,2,Life Sciences,3,Male,52,2,1,Research Scientist,3,2809,2725,2,No,14,3,8,3,2,2,2,2
35,No,Travel_Frequently,Research & Development,18,Life Sciences,3,Male,80,3,2,Healthcare Representative,3,5689,24594,1,Yes,14,3,10,4,10,2,0,2
40,No,Travel_Rarely,Research & Development,2,Medical,3,Female,98,3,1,Research Scientist,3,2001,12549,2,No,14,3,20,3,5,3,0,2
35,No,Travel_Rarely,Research & Development,1,Life Sciences,3,Female,62,1,1,Research Scientist,4,2977,8952,1,No,12,3,4,3,4,3,1,1
29,No,Travel_Rarely,Research & Development,13,Other,4,Male,46,2,2,Laboratory Technician,2,4025,23679,4,Yes,13,3,10,3,4,3,0,3
29,No,Travel_Rarely,Research & Development,28,Medical,4,Female,73,2,1,Research Scientist,1,3785,8489,1,No,14,3,5,1,5,4,0,4
50,Yes,Travel_Rarely,Sales,28,Marketing,4,Male,39,2,3,Sales Executive,1,10854,16586,4,Yes,13,3,20,3,3,2,2,0
39,No,Travel_Rarely,Sales,24,Marketing,2,Female,60,2,4,Sales Executive,4,12031,8828,0,No,11,3,21,2,20,9,9,6
31,No,Non-Travel,Research & Development,5,Medical,2,Male,74,3,2,Manufacturing Director,1,9936,3787,0,No,19,3,10,3,9,4,1,7
26,No,Travel_Rarely,Sales,5,Other,4,Female,30,2,1,Sales Representative,3,2966,21378,0,No,18,3,5,3,4,2,0,0
36,No,Travel_Frequently,Research & Development,23,Medical,3,Male,41,4,2,Laboratory Technician,4,2571,12290,4,No,17,3,17,3,5,2,0,3
39,No,Travel_Rarely,Research & Development,6,Medical,4,Male,42,2,3,Healthcare Representative,1,9991,21457,4,No,15,3,9,3,7,7,1,7
27,No,Travel_Rarely,Research & Development,4,Life Sciences,2,Male,87,4,2,Manufacturing Director,2,6142,5174,1,Yes,20,4,6,3,6,2,0,3
49,No,Travel_Frequently,Sales,2,Medical,4,Male,63,2,2,Sales Executive,2,5390,13243,2,No,14,3,17,2,9,6,0,8
34,No,Travel_Rarely,Research & Development,8,Medical,2,Male,82,4,2,Laboratory Technician,3,4404,10228,2,No,12,3,6,4,4,3,1,2
